sleep_id,start_time,end_time,time_offset,stage
aa6edb41-2a73-e3bd-cf6d-5378834fe983,2021-11-03 05:46:00.000,2021-11-03 05:48:00.000,UTC-0300,40002
aa6edb41-2a73-e3bd-cf6d-5378834fe983,2021-11-03 05:48:00.000,2021-11-03 05:55:00.000,UTC-0300,40003
aa6edb41-2a73-e3bd-cf6d-5378834fe983,2021-11-03 05:55:00.000,2021-11-03 06:16:00.000,UTC-0300,40002
aa6edb41-2a73-e3bd-cf6d-5378834fe983,2021-11-03 06:16:00.000,2021-11-03 06:24:00.000,UTC-0300,40003
aa6edb41-2a73-e3bd-cf6d-5378834fe983,2021-11-03 06:24:00.000,2021-11-03 06:25:00.000,UTC-0300,40002
aa6edb41-2a73-e3bd-cf6d-5378834fe983,2021-11-03 06:25:00.000,2021-11-03 06:30:00.000,UTC-0300,40003
aa6edb41-2a73-e3bd-cf6d-5378834fe983,2021-11-03 06:30:00.000,2021-11-03 06:37:00.000,UTC-0300,40002
aa6edb41-2a73-e3bd-cf6d-5378834fe983,2021-11-03 06:37:00.000,2021-11-03 06:38:00.000,UTC-0300,40001
aa6edb41-2a73-e3bd-cf6d-5378834fe983,2021-11-03 06:38:00.000,2021-11-03 06:39:00.000,UTC-0300,40002
aa6edb41-2a73-e3bd-cf6d-5378834fe983,2021-11-03 06:39:00.000,2021-11-03 06:40:00.000,UTC-0300,40001
aa6edb41-2a73-e3bd-cf6d-5378834fe983,2021-11-03 06:40:00.000,2021-11-03 06:53:00.000,UTC-0300,40004
aa6edb41-2a73-e3bd-cf6d-5378834fe983,2021-11-03 06:53:00.000,2021-11-03 06:54:00.000,UTC-0300,40002
aa6edb41-2a73-e3bd-cf6d-5378834fe983,2021-11-03 06:54:00.000,2021-11-03 06:55:00.000,UTC-0300,40001
aa6edb41-2a73-e3bd-cf6d-5378834fe983,2021-11-03 06:55:00.000,2021-11-03 07:06:00.000,UTC-0300,40002
aa6edb41-2a73-e3bd-cf6d-5378834fe983,2021-11-03 07:06:00.000,2021-11-03 07:07:00.000,UTC-0300,40001
aa6edb41-2a73-e3bd-cf6d-5378834fe983,2021-11-03 07:07:00.000,2021-11-03 07:08:00.000,UTC-0300,40002
aa6edb41-2a73-e3bd-cf6d-5378834fe983,2021-11-03 07:08:00.000,2021-11-03 07:16:00.000,UTC-0300,40003
aa6edb41-2a73-e3bd-cf6d-5378834fe983,2021-11-03 07:16:00.000,2021-11-03 07:39:00.000,UTC-0300,40002
aa6edb41-2a73-e3bd-cf6d-5378834fe983,2021-11-03 07:39:00.000,2021-11-03 07:48:00.000,UTC-0300,40004
aa6edb41-2a73-e3bd-cf6d-5378834fe983,2021-11-03 07:48:00.000,2021-11-03 07:49:00.000,UTC-0300,40001
aa6edb41-2a73-e3bd-cf6d-5378834fe983,2021-11-03 07:49:00.000,2021-11-03 07:55:00.000,UTC-0300,40004
aa6edb41-2a73-e3bd-cf6d-5378834fe983,2021-11-03 07:55:00.000,2021-11-03 08:39:00.000,UTC-0300,40002
aa6edb41-2a73-e3bd-cf6d-5378834fe983,2021-11-03 08:39:00.000,2021-11-03 08:47:00.000,UTC-0300,40004
aa6edb41-2a73-e3bd-cf6d-5378834fe983,2021-11-03 08:47:00.000,2021-11-03 08:49:00.000,UTC-0300,40001
aa6edb41-2a73-e3bd-cf6d-5378834fe983,2021-11-03 08:49:00.000,2021-11-03 08:58:00.000,UTC-0300,40004
aa6edb41-2a73-e3bd-cf6d-5378834fe983,2021-11-03 08:58:00.000,2021-11-03 08:59:00.000,UTC-0300,40001
aa6edb41-2a73-e3bd-cf6d-5378834fe983,2021-11-03 08:59:00.000,2021-11-03 09:05:00.000,UTC-0300,40004
aa6edb41-2a73-e3bd-cf6d-5378834fe983,2021-11-03 09:05:00.000,2021-11-03 09:17:00.000,UTC-0300,40002
aa6edb41-2a73-e3bd-cf6d-5378834fe983,2021-11-03 09:17:00.000,2021-11-03 09:23:00.000,UTC-0300,40004
aa6edb41-2a73-e3bd-cf6d-5378834fe983,2021-11-03 09:23:00.000,2021-11-03 09:24:00.000,UTC-0300,40001
aa6edb41-2a73-e3bd-cf6d-5378834fe983,2021-11-03 09:24:00.000,2021-11-03 10:22:00.000,UTC-0300,40002
aa6edb41-2a73-e3bd-cf6d-5378834fe983,2021-11-03 10:22:00.000,2021-11-03 10:23:00.000,UTC-0300,40001
aa6edb41-2a73-e3bd-cf6d-5378834fe983,2021-11-03 10:23:00.000,2021-11-03 10:28:00.000,UTC-0300,40002
aa6edb41-2a73-e3bd-cf6d-5378834fe983,2021-11-03 10:28:00.000,2021-11-03 10:29:00.000,UTC-0300,40001
aa6edb41-2a73-e3bd-cf6d-5378834fe983,2021-11-03 10:29:00.000,2021-11-03 10:41:00.000,UTC-0300,40002
aa6edb41-2a73-e3bd-cf6d-5378834fe983,2021-11-03 10:41:00.000,2021-11-03 10:44:00.000,UTC-0300,40001
aa6edb41-2a73-e3bd-cf6d-5378834fe983,2021-11-03 10:44:00.000,2021-11-03 10:50:00.000,UTC-0300,40002
aa6edb41-2a73-e3bd-cf6d-5378834fe983,2021-11-03 10:50:00.000,2021-11-03 10:51:00.000,UTC-0300,40001
aa6edb41-2a73-e3bd-cf6d-5378834fe983,2021-11-03 10:51:00.000,2021-11-03 10:52:00.000,UTC-0300,40002
aa6edb41-2a73-e3bd-cf6d-5378834fe983,2021-11-03 10:52:00.000,2021-11-03 10:53:00.000,UTC-0300,40001
aa6edb41-2a73-e3bd-cf6d-5378834fe983,2021-11-03 10:53:00.000,2021-11-03 10:56:00.000,UTC-0300,40002
aa6edb41-2a73-e3bd-cf6d-5378834fe983,2021-11-03 10:56:00.000,2021-11-03 10:57:00.000,UTC-0300,40001
aa6edb41-2a73-e3bd-cf6d-5378834fe983,2021-11-03 10:57:00.000,2021-11-03 11:02:00.000,UTC-0300,40004
aa6edb41-2a73-e3bd-cf6d-5378834fe983,2021-11-03 11:02:00.000,2021-11-03 11:05:00.000,UTC-0300,40001
aa6edb41-2a73-e3bd-cf6d-5378834fe983,2021-11-03 11:05:00.000,2021-11-03 11:11:00.000,UTC-0300,40004
aa6edb41-2a73-e3bd-cf6d-5378834fe983,2021-11-03 11:11:00.000,2021-11-03 11:12:00.000,UTC-0300,40001
aa6edb41-2a73-e3bd-cf6d-5378834fe983,2021-11-03 11:12:00.000,2021-11-03 11:13:00.000,UTC-0300,40002
aa6edb41-2a73-e3bd-cf6d-5378834fe983,2021-11-03 11:13:00.000,2021-11-03 11:18:00.000,UTC-0300,40001
aa6edb41-2a73-e3bd-cf6d-5378834fe983,2021-11-03 11:18:00.000,2021-11-03 11:22:00.000,UTC-0300,40002
aa6edb41-2a73-e3bd-cf6d-5378834fe983,2021-11-03 11:22:00.000,2021-11-03 11:27:00.000,UTC-0300,40001
aa6edb41-2a73-e3bd-cf6d-5378834fe983,2021-11-03 11:27:00.000,2021-11-03 11:28:00.000,UTC-0300,40002
aa6edb41-2a73-e3bd-cf6d-5378834fe983,2021-11-03 11:28:00.000,2021-11-03 11:31:00.000,UTC-0300,40001
c393e32d-2ce9-fca1-357d-ba8e32944cb4,2021-11-04 06:49:00.000,2021-11-04 07:07:00.000,UTC-0300,40001
c393e32d-2ce9-fca1-357d-ba8e32944cb4,2021-11-04 07:07:00.000,2021-11-04 07:12:00.000,UTC-0300,40003
c393e32d-2ce9-fca1-357d-ba8e32944cb4,2021-11-04 07:12:00.000,2021-11-04 07:13:00.000,UTC-0300,40002
c393e32d-2ce9-fca1-357d-ba8e32944cb4,2021-11-04 07:13:00.000,2021-11-04 07:16:00.000,UTC-0300,40003
c393e32d-2ce9-fca1-357d-ba8e32944cb4,2021-11-04 07:16:00.000,2021-11-04 07:17:00.000,UTC-0300,40001
c393e32d-2ce9-fca1-357d-ba8e32944cb4,2021-11-04 07:17:00.000,2021-11-04 07:22:00.000,UTC-0300,40003
c393e32d-2ce9-fca1-357d-ba8e32944cb4,2021-11-04 07:22:00.000,2021-11-04 07:33:00.000,UTC-0300,40002
c393e32d-2ce9-fca1-357d-ba8e32944cb4,2021-11-04 07:33:00.000,2021-11-04 07:34:00.000,UTC-0300,40001
c393e32d-2ce9-fca1-357d-ba8e32944cb4,2021-11-04 07:34:00.000,2021-11-04 07:37:00.000,UTC-0300,40002
c393e32d-2ce9-fca1-357d-ba8e32944cb4,2021-11-04 07:37:00.000,2021-11-04 07:39:00.000,UTC-0300,40001
c393e32d-2ce9-fca1-357d-ba8e32944cb4,2021-11-04 07:39:00.000,2021-11-04 08:07:00.000,UTC-0300,40002
c393e32d-2ce9-fca1-357d-ba8e32944cb4,2021-11-04 08:07:00.000,2021-11-04 08:08:00.000,UTC-0300,40001
c393e32d-2ce9-fca1-357d-ba8e32944cb4,2021-11-04 08:08:00.000,2021-11-04 08:19:00.000,UTC-0300,40003
c393e32d-2ce9-fca1-357d-ba8e32944cb4,2021-11-04 08:19:00.000,2021-11-04 08:37:00.000,UTC-0300,40002
c393e32d-2ce9-fca1-357d-ba8e32944cb4,2021-11-04 08:37:00.000,2021-11-04 08:38:00.000,UTC-0300,40001
c393e32d-2ce9-fca1-357d-ba8e32944cb4,2021-11-04 08:38:00.000,2021-11-04 08:55:00.000,UTC-0300,40002
c393e32d-2ce9-fca1-357d-ba8e32944cb4,2021-11-04 08:55:00.000,2021-11-04 08:56:00.000,UTC-0300,40001
c393e32d-2ce9-fca1-357d-ba8e32944cb4,2021-11-04 08:56:00.000,2021-11-04 09:03:00.000,UTC-0300,40004
c393e32d-2ce9-fca1-357d-ba8e32944cb4,2021-11-04 09:03:00.000,2021-11-04 10:42:00.000,UTC-0300,40002
c393e32d-2ce9-fca1-357d-ba8e32944cb4,2021-11-04 10:42:00.000,2021-11-04 10:47:00.000,UTC-0300,40004
c393e32d-2ce9-fca1-357d-ba8e32944cb4,2021-11-04 10:47:00.000,2021-11-04 10:49:00.000,UTC-0300,40001
c393e32d-2ce9-fca1-357d-ba8e32944cb4,2021-11-04 10:49:00.000,2021-11-04 11:43:00.000,UTC-0300,40002
c393e32d-2ce9-fca1-357d-ba8e32944cb4,2021-11-04 11:43:00.000,2021-11-04 11:45:00.000,UTC-0300,40001
c393e32d-2ce9-fca1-357d-ba8e32944cb4,2021-11-04 11:45:00.000,2021-11-04 11:48:00.000,UTC-0300,40002
c393e32d-2ce9-fca1-357d-ba8e32944cb4,2021-11-04 11:48:00.000,2021-11-04 11:51:00.000,UTC-0300,40001
c393e32d-2ce9-fca1-357d-ba8e32944cb4,2021-11-04 11:51:00.000,2021-11-04 11:58:00.000,UTC-0300,40004
c393e32d-2ce9-fca1-357d-ba8e32944cb4,2021-11-04 11:58:00.000,2021-11-04 12:04:00.000,UTC-0300,40001
c393e32d-2ce9-fca1-357d-ba8e32944cb4,2021-11-04 12:04:00.000,2021-11-04 12:18:00.000,UTC-0300,40004
c393e32d-2ce9-fca1-357d-ba8e32944cb4,2021-11-04 12:18:00.000,2021-11-04 12:19:00.000,UTC-0300,40001
c393e32d-2ce9-fca1-357d-ba8e32944cb4,2021-11-04 12:19:00.000,2021-11-04 12:42:00.000,UTC-0300,40002
c393e32d-2ce9-fca1-357d-ba8e32944cb4,2021-11-04 12:42:00.000,2021-11-04 12:45:00.000,UTC-0300,40001
dfe52f20-3242-c864-4a10-21abc06d09fa,2021-11-05 05:58:00.000,2021-11-05 06:03:00.000,UTC-0300,40002
dfe52f20-3242-c864-4a10-21abc06d09fa,2021-11-05 06:03:00.000,2021-11-05 06:18:00.000,UTC-0300,40003
dfe52f20-3242-c864-4a10-21abc06d09fa,2021-11-05 06:18:00.000,2021-11-05 06:25:00.000,UTC-0300,40002
dfe52f20-3242-c864-4a10-21abc06d09fa,2021-11-05 06:25:00.000,2021-11-05 06:40:00.000,UTC-0300,40003
dfe52f20-3242-c864-4a10-21abc06d09fa,2021-11-05 06:40:00.000,2021-11-05 07:10:00.000,UTC-0300,40002
dfe52f20-3242-c864-4a10-21abc06d09fa,2021-11-05 07:10:00.000,2021-11-05 07:11:00.000,UTC-0300,40001
dfe52f20-3242-c864-4a10-21abc06d09fa,2021-11-05 07:11:00.000,2021-11-05 07:12:00.000,UTC-0300,40002
dfe52f20-3242-c864-4a10-21abc06d09fa,2021-11-05 07:12:00.000,2021-11-05 07:13:00.000,UTC-0300,40001
dfe52f20-3242-c864-4a10-21abc06d09fa,2021-11-05 07:13:00.000,2021-11-05 07:38:00.000,UTC-0300,40002
dfe52f20-3242-c864-4a10-21abc06d09fa,2021-11-05 07:38:00.000,2021-11-05 07:39:00.000,UTC-0300,40001
dfe52f20-3242-c864-4a10-21abc06d09fa,2021-11-05 07:39:00.000,2021-11-05 07:44:00.000,UTC-0300,40002
dfe52f20-3242-c864-4a10-21abc06d09fa,2021-11-05 07:44:00.000,2021-11-05 07:49:00.000,UTC-0300,40004
dfe52f20-3242-c864-4a10-21abc06d09fa,2021-11-05 07:49:00.000,2021-11-05 08:17:00.000,UTC-0300,40002
dfe52f20-3242-c864-4a10-21abc06d09fa,2021-11-05 08:17:00.000,2021-11-05 08:22:00.000,UTC-0300,40004
dfe52f20-3242-c864-4a10-21abc06d09fa,2021-11-05 08:22:00.000,2021-11-05 08:23:00.000,UTC-0300,40001
dfe52f20-3242-c864-4a10-21abc06d09fa,2021-11-05 08:23:00.000,2021-11-05 08:40:00.000,UTC-0300,40004
dfe52f20-3242-c864-4a10-21abc06d09fa,2021-11-05 08:40:00.000,2021-11-05 09:01:00.000,UTC-0300,40002
dfe52f20-3242-c864-4a10-21abc06d09fa,2021-11-05 09:01:00.000,2021-11-05 09:02:00.000,UTC-0300,40001
dfe52f20-3242-c864-4a10-21abc06d09fa,2021-11-05 09:02:00.000,2021-11-05 09:03:00.000,UTC-0300,40002
dfe52f20-3242-c864-4a10-21abc06d09fa,2021-11-05 09:03:00.000,2021-11-05 09:15:00.000,UTC-0300,40004
dfe52f20-3242-c864-4a10-21abc06d09fa,2021-11-05 09:15:00.000,2021-11-05 09:16:00.000,UTC-0300,40001
dfe52f20-3242-c864-4a10-21abc06d09fa,2021-11-05 09:16:00.000,2021-11-05 09:34:00.000,UTC-0300,40004
dfe52f20-3242-c864-4a10-21abc06d09fa,2021-11-05 09:34:00.000,2021-11-05 10:12:00.000,UTC-0300,40002
dfe52f20-3242-c864-4a10-21abc06d09fa,2021-11-05 10:12:00.000,2021-11-05 10:16:00.000,UTC-0300,40003
dfe52f20-3242-c864-4a10-21abc06d09fa,2021-11-05 10:16:00.000,2021-11-05 10:17:00.000,UTC-0300,40002
dfe52f20-3242-c864-4a10-21abc06d09fa,2021-11-05 10:17:00.000,2021-11-05 10:25:00.000,UTC-0300,40003
dfe52f20-3242-c864-4a10-21abc06d09fa,2021-11-05 10:25:00.000,2021-11-05 10:32:00.000,UTC-0300,40002
dfe52f20-3242-c864-4a10-21abc06d09fa,2021-11-05 10:32:00.000,2021-11-05 10:38:00.000,UTC-0300,40004
dfe52f20-3242-c864-4a10-21abc06d09fa,2021-11-05 10:38:00.000,2021-11-05 10:39:00.000,UTC-0300,40001
dfe52f20-3242-c864-4a10-21abc06d09fa,2021-11-05 10:39:00.000,2021-11-05 10:42:00.000,UTC-0300,40002
dfe52f20-3242-c864-4a10-21abc06d09fa,2021-11-05 10:42:00.000,2021-11-05 10:43:00.000,UTC-0300,40001
dfe52f20-3242-c864-4a10-21abc06d09fa,2021-11-05 10:43:00.000,2021-11-05 10:56:00.000,UTC-0300,40004
dfe52f20-3242-c864-4a10-21abc06d09fa,2021-11-05 10:56:00.000,2021-11-05 10:57:00.000,UTC-0300,40001
dfe52f20-3242-c864-4a10-21abc06d09fa,2021-11-05 10:57:00.000,2021-11-05 11:05:00.000,UTC-0300,40002
dfe52f20-3242-c864-4a10-21abc06d09fa,2021-11-05 11:05:00.000,2021-11-05 11:06:00.000,UTC-0300,40001
dfe52f20-3242-c864-4a10-21abc06d09fa,2021-11-05 11:06:00.000,2021-11-05 11:07:00.000,UTC-0300,40002
dfe52f20-3242-c864-4a10-21abc06d09fa,2021-11-05 11:07:00.000,2021-11-05 11:08:00.000,UTC-0300,40001
dfe52f20-3242-c864-4a10-21abc06d09fa,2021-11-05 11:08:00.000,2021-11-05 11:16:00.000,UTC-0300,40002
dfe52f20-3242-c864-4a10-21abc06d09fa,2021-11-05 11:16:00.000,2021-11-05 11:17:00.000,UTC-0300,40001
dfe52f20-3242-c864-4a10-21abc06d09fa,2021-11-05 11:17:00.000,2021-11-05 11:44:00.000,UTC-0300,40002
dfe52f20-3242-c864-4a10-21abc06d09fa,2021-11-05 11:44:00.000,2021-11-05 11:45:00.000,UTC-0300,40001
dfe52f20-3242-c864-4a10-21abc06d09fa,2021-11-05 11:45:00.000,2021-11-05 11:52:00.000,UTC-0300,40002
dfe52f20-3242-c864-4a10-21abc06d09fa,2021-11-05 11:52:00.000,2021-11-05 11:58:00.000,UTC-0300,40004
dfe52f20-3242-c864-4a10-21abc06d09fa,2021-11-05 11:58:00.000,2021-11-05 11:59:00.000,UTC-0300,40001
dfe52f20-3242-c864-4a10-21abc06d09fa,2021-11-05 11:59:00.000,2021-11-05 12:14:00.000,UTC-0300,40004
dfe52f20-3242-c864-4a10-21abc06d09fa,2021-11-05 12:14:00.000,2021-11-05 12:15:00.000,UTC-0300,40001
dfe52f20-3242-c864-4a10-21abc06d09fa,2021-11-05 12:15:00.000,2021-11-05 12:19:00.000,UTC-0300,40002
dfe52f20-3242-c864-4a10-21abc06d09fa,2021-11-05 12:19:00.000,2021-11-05 12:20:00.000,UTC-0300,40001
dfe52f20-3242-c864-4a10-21abc06d09fa,2021-11-05 12:20:00.000,2021-11-05 12:24:00.000,UTC-0300,40002
dfe52f20-3242-c864-4a10-21abc06d09fa,2021-11-05 12:24:00.000,2021-11-05 12:30:00.000,UTC-0300,40001
dfe52f20-3242-c864-4a10-21abc06d09fa,2021-11-05 12:30:00.000,2021-11-05 12:40:00.000,UTC-0300,40004
dfe52f20-3242-c864-4a10-21abc06d09fa,2021-11-05 12:40:00.000,2021-11-05 12:46:00.000,UTC-0300,40001
dfe52f20-3242-c864-4a10-21abc06d09fa,2021-11-05 12:46:00.000,2021-11-05 12:50:00.000,UTC-0300,40002
dfe52f20-3242-c864-4a10-21abc06d09fa,2021-11-05 12:50:00.000,2021-11-05 12:51:00.000,UTC-0300,40001
dfe52f20-3242-c864-4a10-21abc06d09fa,2021-11-05 12:51:00.000,2021-11-05 12:52:00.000,UTC-0300,40002
dfe52f20-3242-c864-4a10-21abc06d09fa,2021-11-05 12:52:00.000,2021-11-05 12:59:00.000,UTC-0300,40001
dfe52f20-3242-c864-4a10-21abc06d09fa,2021-11-05 12:59:00.000,2021-11-05 13:02:00.000,UTC-0300,40002
dfe52f20-3242-c864-4a10-21abc06d09fa,2021-11-05 13:02:00.000,2021-11-05 13:08:00.000,UTC-0300,40001
dfe52f20-3242-c864-4a10-21abc06d09fa,2021-11-05 13:08:00.000,2021-11-05 13:12:00.000,UTC-0300,40002
dfe52f20-3242-c864-4a10-21abc06d09fa,2021-11-05 13:12:00.000,2021-11-05 13:13:00.000,UTC-0300,40001
2bd0650c-1de1-8726-dc20-1093887f75c9,2021-11-06 05:48:00.000,2021-11-06 06:36:00.000,UTC-0300,40002
2bd0650c-1de1-8726-dc20-1093887f75c9,2021-11-06 06:36:00.000,2021-11-06 06:43:00.000,UTC-0300,40004
2bd0650c-1de1-8726-dc20-1093887f75c9,2021-11-06 06:43:00.000,2021-11-06 06:51:00.000,UTC-0300,40001
2bd0650c-1de1-8726-dc20-1093887f75c9,2021-11-06 06:51:00.000,2021-11-06 07:14:00.000,UTC-0300,40004
2bd0650c-1de1-8726-dc20-1093887f75c9,2021-11-06 07:14:00.000,2021-11-06 07:15:00.000,UTC-0300,40001
2bd0650c-1de1-8726-dc20-1093887f75c9,2021-11-06 07:15:00.000,2021-11-06 07:24:00.000,UTC-0300,40004
2bd0650c-1de1-8726-dc20-1093887f75c9,2021-11-06 07:24:00.000,2021-11-06 07:50:00.000,UTC-0300,40002
2bd0650c-1de1-8726-dc20-1093887f75c9,2021-11-06 07:50:00.000,2021-11-06 08:13:00.000,UTC-0300,40004
2bd0650c-1de1-8726-dc20-1093887f75c9,2021-11-06 08:13:00.000,2021-11-06 08:21:00.000,UTC-0300,40002
2bd0650c-1de1-8726-dc20-1093887f75c9,2021-11-06 08:21:00.000,2021-11-06 08:34:00.000,UTC-0300,40004
2bd0650c-1de1-8726-dc20-1093887f75c9,2021-11-06 08:34:00.000,2021-11-06 09:39:00.000,UTC-0300,40002
2bd0650c-1de1-8726-dc20-1093887f75c9,2021-11-06 09:39:00.000,2021-11-06 09:45:00.000,UTC-0300,40004
2bd0650c-1de1-8726-dc20-1093887f75c9,2021-11-06 09:45:00.000,2021-11-06 11:35:00.000,UTC-0300,40002
2bd0650c-1de1-8726-dc20-1093887f75c9,2021-11-06 11:35:00.000,2021-11-06 11:41:00.000,UTC-0300,40004
2bd0650c-1de1-8726-dc20-1093887f75c9,2021-11-06 11:41:00.000,2021-11-06 11:42:00.000,UTC-0300,40001
2bd0650c-1de1-8726-dc20-1093887f75c9,2021-11-06 11:42:00.000,2021-11-06 11:51:00.000,UTC-0300,40004
2bd0650c-1de1-8726-dc20-1093887f75c9,2021-11-06 11:51:00.000,2021-11-06 11:52:00.000,UTC-0300,40001
2bd0650c-1de1-8726-dc20-1093887f75c9,2021-11-06 11:52:00.000,2021-11-06 12:08:00.000,UTC-0300,40002
2bd0650c-1de1-8726-dc20-1093887f75c9,2021-11-06 12:08:00.000,2021-11-06 12:10:00.000,UTC-0300,40001
2bd0650c-1de1-8726-dc20-1093887f75c9,2021-11-06 12:10:00.000,2021-11-06 12:11:00.000,UTC-0300,40002
2bd0650c-1de1-8726-dc20-1093887f75c9,2021-11-06 12:11:00.000,2021-11-06 12:12:00.000,UTC-0300,40001
2bd0650c-1de1-8726-dc20-1093887f75c9,2021-11-06 12:12:00.000,2021-11-06 12:24:00.000,UTC-0300,40002
2bd0650c-1de1-8726-dc20-1093887f75c9,2021-11-06 12:24:00.000,2021-11-06 12:25:00.000,UTC-0300,40001
2bd0650c-1de1-8726-dc20-1093887f75c9,2021-11-06 12:25:00.000,2021-11-06 12:33:00.000,UTC-0300,40002
2bd0650c-1de1-8726-dc20-1093887f75c9,2021-11-06 12:33:00.000,2021-11-06 12:34:00.000,UTC-0300,40001
2bd0650c-1de1-8726-dc20-1093887f75c9,2021-11-06 12:34:00.000,2021-11-06 12:35:00.000,UTC-0300,40002
2bd0650c-1de1-8726-dc20-1093887f75c9,2021-11-06 12:35:00.000,2021-11-06 12:37:00.000,UTC-0300,40001
2bd0650c-1de1-8726-dc20-1093887f75c9,2021-11-06 12:37:00.000,2021-11-06 12:41:00.000,UTC-0300,40002
2bd0650c-1de1-8726-dc20-1093887f75c9,2021-11-06 12:41:00.000,2021-11-06 12:47:00.000,UTC-0300,40001
dca8fb90-5b25-7290-bec6-c89dbbf9dbee,2021-11-07 04:08:00.000,2021-11-07 04:34:00.000,UTC-0300,40002
dca8fb90-5b25-7290-bec6-c89dbbf9dbee,2021-11-07 04:34:00.000,2021-11-07 04:35:00.000,UTC-0300,40001
dca8fb90-5b25-7290-bec6-c89dbbf9dbee,2021-11-07 04:35:00.000,2021-11-07 04:38:00.000,UTC-0300,40003
dca8fb90-5b25-7290-bec6-c89dbbf9dbee,2021-11-07 04:38:00.000,2021-11-07 04:43:00.000,UTC-0300,40002
dca8fb90-5b25-7290-bec6-c89dbbf9dbee,2021-11-07 04:43:00.000,2021-11-07 04:52:00.000,UTC-0300,40004
dca8fb90-5b25-7290-bec6-c89dbbf9dbee,2021-11-07 04:52:00.000,2021-11-07 04:53:00.000,UTC-0300,40001
dca8fb90-5b25-7290-bec6-c89dbbf9dbee,2021-11-07 04:53:00.000,2021-11-07 05:00:00.000,UTC-0300,40004
dca8fb90-5b25-7290-bec6-c89dbbf9dbee,2021-11-07 05:00:00.000,2021-11-07 05:21:00.000,UTC-0300,40002
dca8fb90-5b25-7290-bec6-c89dbbf9dbee,2021-11-07 05:21:00.000,2021-11-07 05:22:00.000,UTC-0300,40001
dca8fb90-5b25-7290-bec6-c89dbbf9dbee,2021-11-07 05:22:00.000,2021-11-07 05:32:00.000,UTC-0300,40002
dca8fb90-5b25-7290-bec6-c89dbbf9dbee,2021-11-07 05:32:00.000,2021-11-07 05:37:00.000,UTC-0300,40003
dca8fb90-5b25-7290-bec6-c89dbbf9dbee,2021-11-07 05:37:00.000,2021-11-07 05:47:00.000,UTC-0300,40002
dca8fb90-5b25-7290-bec6-c89dbbf9dbee,2021-11-07 05:47:00.000,2021-11-07 05:48:00.000,UTC-0300,40001
dca8fb90-5b25-7290-bec6-c89dbbf9dbee,2021-11-07 05:48:00.000,2021-11-07 06:21:00.000,UTC-0300,40002
dca8fb90-5b25-7290-bec6-c89dbbf9dbee,2021-11-07 06:21:00.000,2021-11-07 06:46:00.000,UTC-0300,40004
dca8fb90-5b25-7290-bec6-c89dbbf9dbee,2021-11-07 06:46:00.000,2021-11-07 06:47:00.000,UTC-0300,40002
dca8fb90-5b25-7290-bec6-c89dbbf9dbee,2021-11-07 06:47:00.000,2021-11-07 06:48:00.000,UTC-0300,40001
dca8fb90-5b25-7290-bec6-c89dbbf9dbee,2021-11-07 06:48:00.000,2021-11-07 07:04:00.000,UTC-0300,40002
dca8fb90-5b25-7290-bec6-c89dbbf9dbee,2021-11-07 07:04:00.000,2021-11-07 07:10:00.000,UTC-0300,40003
dca8fb90-5b25-7290-bec6-c89dbbf9dbee,2021-11-07 07:10:00.000,2021-11-07 07:11:00.000,UTC-0300,40002
dca8fb90-5b25-7290-bec6-c89dbbf9dbee,2021-11-07 07:11:00.000,2021-11-07 07:14:00.000,UTC-0300,40003
dca8fb90-5b25-7290-bec6-c89dbbf9dbee,2021-11-07 07:14:00.000,2021-11-07 07:22:00.000,UTC-0300,40002
dca8fb90-5b25-7290-bec6-c89dbbf9dbee,2021-11-07 07:22:00.000,2021-11-07 07:25:00.000,UTC-0300,40003
dca8fb90-5b25-7290-bec6-c89dbbf9dbee,2021-11-07 07:25:00.000,2021-11-07 08:27:00.000,UTC-0300,40002
dca8fb90-5b25-7290-bec6-c89dbbf9dbee,2021-11-07 08:27:00.000,2021-11-07 08:28:00.000,UTC-0300,40001
dca8fb90-5b25-7290-bec6-c89dbbf9dbee,2021-11-07 08:28:00.000,2021-11-07 08:29:00.000,UTC-0300,40002
dca8fb90-5b25-7290-bec6-c89dbbf9dbee,2021-11-07 08:29:00.000,2021-11-07 08:40:00.000,UTC-0300,40004
dca8fb90-5b25-7290-bec6-c89dbbf9dbee,2021-11-07 08:40:00.000,2021-11-07 08:41:00.000,UTC-0300,40001
dca8fb90-5b25-7290-bec6-c89dbbf9dbee,2021-11-07 08:41:00.000,2021-11-07 08:47:00.000,UTC-0300,40004
dca8fb90-5b25-7290-bec6-c89dbbf9dbee,2021-11-07 08:47:00.000,2021-11-07 08:48:00.000,UTC-0300,40001
dca8fb90-5b25-7290-bec6-c89dbbf9dbee,2021-11-07 08:48:00.000,2021-11-07 08:51:00.000,UTC-0300,40002
dca8fb90-5b25-7290-bec6-c89dbbf9dbee,2021-11-07 08:51:00.000,2021-11-07 08:53:00.000,UTC-0300,40001
dca8fb90-5b25-7290-bec6-c89dbbf9dbee,2021-11-07 08:53:00.000,2021-11-07 08:56:00.000,UTC-0300,40002
dca8fb90-5b25-7290-bec6-c89dbbf9dbee,2021-11-07 08:56:00.000,2021-11-07 08:57:00.000,UTC-0300,40001
dca8fb90-5b25-7290-bec6-c89dbbf9dbee,2021-11-07 08:57:00.000,2021-11-07 09:13:00.000,UTC-0300,40004
dca8fb90-5b25-7290-bec6-c89dbbf9dbee,2021-11-07 09:13:00.000,2021-11-07 09:40:00.000,UTC-0300,40002
dca8fb90-5b25-7290-bec6-c89dbbf9dbee,2021-11-07 09:40:00.000,2021-11-07 09:41:00.000,UTC-0300,40001
dca8fb90-5b25-7290-bec6-c89dbbf9dbee,2021-11-07 09:41:00.000,2021-11-07 10:07:00.000,UTC-0300,40002
dca8fb90-5b25-7290-bec6-c89dbbf9dbee,2021-11-07 10:07:00.000,2021-11-07 10:08:00.000,UTC-0300,40001
dca8fb90-5b25-7290-bec6-c89dbbf9dbee,2021-11-07 10:08:00.000,2021-11-07 10:13:00.000,UTC-0300,40002
dca8fb90-5b25-7290-bec6-c89dbbf9dbee,2021-11-07 10:13:00.000,2021-11-07 10:14:00.000,UTC-0300,40001
dca8fb90-5b25-7290-bec6-c89dbbf9dbee,2021-11-07 10:14:00.000,2021-11-07 10:27:00.000,UTC-0300,40002
dca8fb90-5b25-7290-bec6-c89dbbf9dbee,2021-11-07 10:27:00.000,2021-11-07 10:28:00.000,UTC-0300,40001
dca8fb90-5b25-7290-bec6-c89dbbf9dbee,2021-11-07 10:28:00.000,2021-11-07 11:21:00.000,UTC-0300,40002
dca8fb90-5b25-7290-bec6-c89dbbf9dbee,2021-11-07 11:21:00.000,2021-11-07 11:22:00.000,UTC-0300,40001
dca8fb90-5b25-7290-bec6-c89dbbf9dbee,2021-11-07 11:22:00.000,2021-11-07 11:24:00.000,UTC-0300,40002
dca8fb90-5b25-7290-bec6-c89dbbf9dbee,2021-11-07 11:24:00.000,2021-11-07 11:25:00.000,UTC-0300,40001
dca8fb90-5b25-7290-bec6-c89dbbf9dbee,2021-11-07 11:25:00.000,2021-11-07 11:39:00.000,UTC-0300,40004
dca8fb90-5b25-7290-bec6-c89dbbf9dbee,2021-11-07 11:39:00.000,2021-11-07 11:40:00.000,UTC-0300,40001
dca8fb90-5b25-7290-bec6-c89dbbf9dbee,2021-11-07 11:40:00.000,2021-11-07 11:54:00.000,UTC-0300,40004
dca8fb90-5b25-7290-bec6-c89dbbf9dbee,2021-11-07 11:54:00.000,2021-11-07 11:55:00.000,UTC-0300,40001
dca8fb90-5b25-7290-bec6-c89dbbf9dbee,2021-11-07 11:55:00.000,2021-11-07 11:56:00.000,UTC-0300,40002
dca8fb90-5b25-7290-bec6-c89dbbf9dbee,2021-11-07 11:56:00.000,2021-11-07 11:57:00.000,UTC-0300,40001
dca8fb90-5b25-7290-bec6-c89dbbf9dbee,2021-11-07 11:57:00.000,2021-11-07 12:04:00.000,UTC-0300,40004
dca8fb90-5b25-7290-bec6-c89dbbf9dbee,2021-11-07 12:04:00.000,2021-11-07 12:06:00.000,UTC-0300,40001
dca8fb90-5b25-7290-bec6-c89dbbf9dbee,2021-11-07 12:06:00.000,2021-11-07 12:12:00.000,UTC-0300,40004
dca8fb90-5b25-7290-bec6-c89dbbf9dbee,2021-11-07 12:12:00.000,2021-11-07 12:18:00.000,UTC-0300,40001
e5aed812-d5ff-d33e-c57c-4bc2b172b572,2021-11-08 04:47:00.000,2021-11-08 04:49:00.000,UTC-0300,40002
e5aed812-d5ff-d33e-c57c-4bc2b172b572,2021-11-08 04:49:00.000,2021-11-08 04:53:00.000,UTC-0300,40003
e5aed812-d5ff-d33e-c57c-4bc2b172b572,2021-11-08 04:53:00.000,2021-11-08 05:26:00.000,UTC-0300,40002
e5aed812-d5ff-d33e-c57c-4bc2b172b572,2021-11-08 05:26:00.000,2021-11-08 05:34:00.000,UTC-0300,40003
e5aed812-d5ff-d33e-c57c-4bc2b172b572,2021-11-08 05:34:00.000,2021-11-08 05:36:00.000,UTC-0300,40002
e5aed812-d5ff-d33e-c57c-4bc2b172b572,2021-11-08 05:36:00.000,2021-11-08 05:41:00.000,UTC-0300,40003
e5aed812-d5ff-d33e-c57c-4bc2b172b572,2021-11-08 05:41:00.000,2021-11-08 05:42:00.000,UTC-0300,40001
e5aed812-d5ff-d33e-c57c-4bc2b172b572,2021-11-08 05:42:00.000,2021-11-08 05:44:00.000,UTC-0300,40002
e5aed812-d5ff-d33e-c57c-4bc2b172b572,2021-11-08 05:44:00.000,2021-11-08 05:45:00.000,UTC-0300,40001
e5aed812-d5ff-d33e-c57c-4bc2b172b572,2021-11-08 05:45:00.000,2021-11-08 05:47:00.000,UTC-0300,40002
e5aed812-d5ff-d33e-c57c-4bc2b172b572,2021-11-08 05:47:00.000,2021-11-08 05:49:00.000,UTC-0300,40001
e5aed812-d5ff-d33e-c57c-4bc2b172b572,2021-11-08 05:49:00.000,2021-11-08 06:15:00.000,UTC-0300,40002
e5aed812-d5ff-d33e-c57c-4bc2b172b572,2021-11-08 06:15:00.000,2021-11-08 06:16:00.000,UTC-0300,40001
e5aed812-d5ff-d33e-c57c-4bc2b172b572,2021-11-08 06:16:00.000,2021-11-08 06:24:00.000,UTC-0300,40002
e5aed812-d5ff-d33e-c57c-4bc2b172b572,2021-11-08 06:24:00.000,2021-11-08 06:25:00.000,UTC-0300,40001
e5aed812-d5ff-d33e-c57c-4bc2b172b572,2021-11-08 06:25:00.000,2021-11-08 06:30:00.000,UTC-0300,40003
e5aed812-d5ff-d33e-c57c-4bc2b172b572,2021-11-08 06:30:00.000,2021-11-08 06:55:00.000,UTC-0300,40002
e5aed812-d5ff-d33e-c57c-4bc2b172b572,2021-11-08 06:55:00.000,2021-11-08 06:58:00.000,UTC-0300,40003
e5aed812-d5ff-d33e-c57c-4bc2b172b572,2021-11-08 06:58:00.000,2021-11-08 06:59:00.000,UTC-0300,40002
e5aed812-d5ff-d33e-c57c-4bc2b172b572,2021-11-08 06:59:00.000,2021-11-08 07:03:00.000,UTC-0300,40003
e5aed812-d5ff-d33e-c57c-4bc2b172b572,2021-11-08 07:03:00.000,2021-11-08 07:06:00.000,UTC-0300,40002
e5aed812-d5ff-d33e-c57c-4bc2b172b572,2021-11-08 07:06:00.000,2021-11-08 07:07:00.000,UTC-0300,40001
e5aed812-d5ff-d33e-c57c-4bc2b172b572,2021-11-08 07:07:00.000,2021-11-08 07:39:00.000,UTC-0300,40002
e5aed812-d5ff-d33e-c57c-4bc2b172b572,2021-11-08 07:39:00.000,2021-11-08 07:53:00.000,UTC-0300,40003
e5aed812-d5ff-d33e-c57c-4bc2b172b572,2021-11-08 07:53:00.000,2021-11-08 07:59:00.000,UTC-0300,40002
e5aed812-d5ff-d33e-c57c-4bc2b172b572,2021-11-08 07:59:00.000,2021-11-08 08:00:00.000,UTC-0300,40001
e5aed812-d5ff-d33e-c57c-4bc2b172b572,2021-11-08 08:00:00.000,2021-11-08 08:01:00.000,UTC-0300,40002
e5aed812-d5ff-d33e-c57c-4bc2b172b572,2021-11-08 08:01:00.000,2021-11-08 08:12:00.000,UTC-0300,40004
e5aed812-d5ff-d33e-c57c-4bc2b172b572,2021-11-08 08:12:00.000,2021-11-08 08:13:00.000,UTC-0300,40001
e5aed812-d5ff-d33e-c57c-4bc2b172b572,2021-11-08 08:13:00.000,2021-11-08 08:19:00.000,UTC-0300,40004
e5aed812-d5ff-d33e-c57c-4bc2b172b572,2021-11-08 08:19:00.000,2021-11-08 08:20:00.000,UTC-0300,40001
e5aed812-d5ff-d33e-c57c-4bc2b172b572,2021-11-08 08:20:00.000,2021-11-08 08:28:00.000,UTC-0300,40004
e5aed812-d5ff-d33e-c57c-4bc2b172b572,2021-11-08 08:28:00.000,2021-11-08 08:29:00.000,UTC-0300,40001
e5aed812-d5ff-d33e-c57c-4bc2b172b572,2021-11-08 08:29:00.000,2021-11-08 08:38:00.000,UTC-0300,40004
e5aed812-d5ff-d33e-c57c-4bc2b172b572,2021-11-08 08:38:00.000,2021-11-08 08:39:00.000,UTC-0300,40001
e5aed812-d5ff-d33e-c57c-4bc2b172b572,2021-11-08 08:39:00.000,2021-11-08 08:51:00.000,UTC-0300,40004
e5aed812-d5ff-d33e-c57c-4bc2b172b572,2021-11-08 08:51:00.000,2021-11-08 08:52:00.000,UTC-0300,40001
e5aed812-d5ff-d33e-c57c-4bc2b172b572,2021-11-08 08:52:00.000,2021-11-08 09:19:00.000,UTC-0300,40004
e5aed812-d5ff-d33e-c57c-4bc2b172b572,2021-11-08 09:19:00.000,2021-11-08 09:20:00.000,UTC-0300,40001
e5aed812-d5ff-d33e-c57c-4bc2b172b572,2021-11-08 09:20:00.000,2021-11-08 09:22:00.000,UTC-0300,40002
e5aed812-d5ff-d33e-c57c-4bc2b172b572,2021-11-08 09:22:00.000,2021-11-08 09:23:00.000,UTC-0300,40001
e5aed812-d5ff-d33e-c57c-4bc2b172b572,2021-11-08 09:23:00.000,2021-11-08 09:29:00.000,UTC-0300,40002
e5aed812-d5ff-d33e-c57c-4bc2b172b572,2021-11-08 09:29:00.000,2021-11-08 09:30:00.000,UTC-0300,40001
e5aed812-d5ff-d33e-c57c-4bc2b172b572,2021-11-08 09:30:00.000,2021-11-08 09:40:00.000,UTC-0300,40002
e5aed812-d5ff-d33e-c57c-4bc2b172b572,2021-11-08 09:40:00.000,2021-11-08 09:41:00.000,UTC-0300,40001
e5aed812-d5ff-d33e-c57c-4bc2b172b572,2021-11-08 09:41:00.000,2021-11-08 09:52:00.000,UTC-0300,40002
e5aed812-d5ff-d33e-c57c-4bc2b172b572,2021-11-08 09:52:00.000,2021-11-08 09:53:00.000,UTC-0300,40001
e5aed812-d5ff-d33e-c57c-4bc2b172b572,2021-11-08 09:53:00.000,2021-11-08 10:07:00.000,UTC-0300,40002
e5aed812-d5ff-d33e-c57c-4bc2b172b572,2021-11-08 10:07:00.000,2021-11-08 10:08:00.000,UTC-0300,40001
e5aed812-d5ff-d33e-c57c-4bc2b172b572,2021-11-08 10:08:00.000,2021-11-08 10:10:00.000,UTC-0300,40002
e5aed812-d5ff-d33e-c57c-4bc2b172b572,2021-11-08 10:10:00.000,2021-11-08 10:11:00.000,UTC-0300,40001
e5aed812-d5ff-d33e-c57c-4bc2b172b572,2021-11-08 10:11:00.000,2021-11-08 10:13:00.000,UTC-0300,40002
e5aed812-d5ff-d33e-c57c-4bc2b172b572,2021-11-08 10:13:00.000,2021-11-08 10:14:00.000,UTC-0300,40001
e5aed812-d5ff-d33e-c57c-4bc2b172b572,2021-11-08 10:14:00.000,2021-11-08 10:25:00.000,UTC-0300,40004
e5aed812-d5ff-d33e-c57c-4bc2b172b572,2021-11-08 10:25:00.000,2021-11-08 10:26:00.000,UTC-0300,40001
e5aed812-d5ff-d33e-c57c-4bc2b172b572,2021-11-08 10:26:00.000,2021-11-08 10:34:00.000,UTC-0300,40004
e5aed812-d5ff-d33e-c57c-4bc2b172b572,2021-11-08 10:34:00.000,2021-11-08 10:35:00.000,UTC-0300,40002
e5aed812-d5ff-d33e-c57c-4bc2b172b572,2021-11-08 10:35:00.000,2021-11-08 10:36:00.000,UTC-0300,40001
e5aed812-d5ff-d33e-c57c-4bc2b172b572,2021-11-08 10:36:00.000,2021-11-08 11:10:00.000,UTC-0300,40002
e5aed812-d5ff-d33e-c57c-4bc2b172b572,2021-11-08 11:10:00.000,2021-11-08 11:11:00.000,UTC-0300,40001
e5aed812-d5ff-d33e-c57c-4bc2b172b572,2021-11-08 11:11:00.000,2021-11-08 11:18:00.000,UTC-0300,40002
e5aed812-d5ff-d33e-c57c-4bc2b172b572,2021-11-08 11:18:00.000,2021-11-08 11:19:00.000,UTC-0300,40001
e5aed812-d5ff-d33e-c57c-4bc2b172b572,2021-11-08 11:19:00.000,2021-11-08 11:25:00.000,UTC-0300,40002
e5aed812-d5ff-d33e-c57c-4bc2b172b572,2021-11-08 11:25:00.000,2021-11-08 11:26:00.000,UTC-0300,40001
e5aed812-d5ff-d33e-c57c-4bc2b172b572,2021-11-08 11:26:00.000,2021-11-08 11:41:00.000,UTC-0300,40002
e5aed812-d5ff-d33e-c57c-4bc2b172b572,2021-11-08 11:41:00.000,2021-11-08 11:43:00.000,UTC-0300,40001
e5aed812-d5ff-d33e-c57c-4bc2b172b572,2021-11-08 11:43:00.000,2021-11-08 11:53:00.000,UTC-0300,40004
e5aed812-d5ff-d33e-c57c-4bc2b172b572,2021-11-08 11:53:00.000,2021-11-08 11:56:00.000,UTC-0300,40001
e5aed812-d5ff-d33e-c57c-4bc2b172b572,2021-11-08 11:56:00.000,2021-11-08 12:03:00.000,UTC-0300,40004
e5aed812-d5ff-d33e-c57c-4bc2b172b572,2021-11-08 12:03:00.000,2021-11-08 12:08:00.000,UTC-0300,40001
e5aed812-d5ff-d33e-c57c-4bc2b172b572,2021-11-08 12:08:00.000,2021-11-08 12:16:00.000,UTC-0300,40002
e5aed812-d5ff-d33e-c57c-4bc2b172b572,2021-11-08 12:16:00.000,2021-11-08 12:17:00.000,UTC-0300,40001
e5aed812-d5ff-d33e-c57c-4bc2b172b572,2021-11-08 12:17:00.000,2021-11-08 12:37:00.000,UTC-0300,40002
e5aed812-d5ff-d33e-c57c-4bc2b172b572,2021-11-08 12:37:00.000,2021-11-08 12:43:00.000,UTC-0300,40004
e5aed812-d5ff-d33e-c57c-4bc2b172b572,2021-11-08 12:43:00.000,2021-11-08 12:46:00.000,UTC-0300,40001
e5aed812-d5ff-d33e-c57c-4bc2b172b572,2021-11-08 12:46:00.000,2021-11-08 12:47:00.000,UTC-0300,40002
e5aed812-d5ff-d33e-c57c-4bc2b172b572,2021-11-08 12:47:00.000,2021-11-08 12:51:00.000,UTC-0300,40001
17822602-7d4a-019f-b33b-d1bab62a9651,2021-11-09 06:25:00.000,2021-11-09 06:34:00.000,UTC-0300,40002
17822602-7d4a-019f-b33b-d1bab62a9651,2021-11-09 06:34:00.000,2021-11-09 06:35:00.000,UTC-0300,40001
17822602-7d4a-019f-b33b-d1bab62a9651,2021-11-09 06:35:00.000,2021-11-09 06:36:00.000,UTC-0300,40002
17822602-7d4a-019f-b33b-d1bab62a9651,2021-11-09 06:36:00.000,2021-11-09 06:37:00.000,UTC-0300,40001
17822602-7d4a-019f-b33b-d1bab62a9651,2021-11-09 06:37:00.000,2021-11-09 06:53:00.000,UTC-0300,40002
17822602-7d4a-019f-b33b-d1bab62a9651,2021-11-09 06:53:00.000,2021-11-09 06:54:00.000,UTC-0300,40001
17822602-7d4a-019f-b33b-d1bab62a9651,2021-11-09 06:54:00.000,2021-11-09 06:56:00.000,UTC-0300,40002
17822602-7d4a-019f-b33b-d1bab62a9651,2021-11-09 06:56:00.000,2021-11-09 06:57:00.000,UTC-0300,40001
17822602-7d4a-019f-b33b-d1bab62a9651,2021-11-09 06:57:00.000,2021-11-09 07:00:00.000,UTC-0300,40002
17822602-7d4a-019f-b33b-d1bab62a9651,2021-11-09 07:00:00.000,2021-11-09 07:14:00.000,UTC-0300,40004
17822602-7d4a-019f-b33b-d1bab62a9651,2021-11-09 07:14:00.000,2021-11-09 07:17:00.000,UTC-0300,40002
17822602-7d4a-019f-b33b-d1bab62a9651,2021-11-09 07:17:00.000,2021-11-09 07:18:00.000,UTC-0300,40001
17822602-7d4a-019f-b33b-d1bab62a9651,2021-11-09 07:18:00.000,2021-11-09 07:22:00.000,UTC-0300,40002
17822602-7d4a-019f-b33b-d1bab62a9651,2021-11-09 07:22:00.000,2021-11-09 07:23:00.000,UTC-0300,40001
17822602-7d4a-019f-b33b-d1bab62a9651,2021-11-09 07:23:00.000,2021-11-09 07:24:00.000,UTC-0300,40002
17822602-7d4a-019f-b33b-d1bab62a9651,2021-11-09 07:24:00.000,2021-11-09 07:39:00.000,UTC-0300,40003
17822602-7d4a-019f-b33b-d1bab62a9651,2021-11-09 07:39:00.000,2021-11-09 07:45:00.000,UTC-0300,40002
17822602-7d4a-019f-b33b-d1bab62a9651,2021-11-09 07:45:00.000,2021-11-09 07:46:00.000,UTC-0300,40001
17822602-7d4a-019f-b33b-d1bab62a9651,2021-11-09 07:46:00.000,2021-11-09 07:47:00.000,UTC-0300,40002
17822602-7d4a-019f-b33b-d1bab62a9651,2021-11-09 07:47:00.000,2021-11-09 07:48:00.000,UTC-0300,40001
17822602-7d4a-019f-b33b-d1bab62a9651,2021-11-09 07:48:00.000,2021-11-09 07:53:00.000,UTC-0300,40002
17822602-7d4a-019f-b33b-d1bab62a9651,2021-11-09 07:53:00.000,2021-11-09 08:02:00.000,UTC-0300,40003
17822602-7d4a-019f-b33b-d1bab62a9651,2021-11-09 08:02:00.000,2021-11-09 08:16:00.000,UTC-0300,40002
17822602-7d4a-019f-b33b-d1bab62a9651,2021-11-09 08:16:00.000,2021-11-09 08:21:00.000,UTC-0300,40004
17822602-7d4a-019f-b33b-d1bab62a9651,2021-11-09 08:21:00.000,2021-11-09 08:45:00.000,UTC-0300,40002
17822602-7d4a-019f-b33b-d1bab62a9651,2021-11-09 08:45:00.000,2021-11-09 08:53:00.000,UTC-0300,40004
17822602-7d4a-019f-b33b-d1bab62a9651,2021-11-09 08:53:00.000,2021-11-09 08:54:00.000,UTC-0300,40001
17822602-7d4a-019f-b33b-d1bab62a9651,2021-11-09 08:54:00.000,2021-11-09 08:55:00.000,UTC-0300,40002
17822602-7d4a-019f-b33b-d1bab62a9651,2021-11-09 08:55:00.000,2021-11-09 08:56:00.000,UTC-0300,40001
17822602-7d4a-019f-b33b-d1bab62a9651,2021-11-09 08:56:00.000,2021-11-09 09:05:00.000,UTC-0300,40004
17822602-7d4a-019f-b33b-d1bab62a9651,2021-11-09 09:05:00.000,2021-11-09 09:06:00.000,UTC-0300,40002
17822602-7d4a-019f-b33b-d1bab62a9651,2021-11-09 09:06:00.000,2021-11-09 09:07:00.000,UTC-0300,40001
17822602-7d4a-019f-b33b-d1bab62a9651,2021-11-09 09:07:00.000,2021-11-09 09:13:00.000,UTC-0300,40002
17822602-7d4a-019f-b33b-d1bab62a9651,2021-11-09 09:13:00.000,2021-11-09 09:14:00.000,UTC-0300,40001
17822602-7d4a-019f-b33b-d1bab62a9651,2021-11-09 09:14:00.000,2021-11-09 09:33:00.000,UTC-0300,40002
17822602-7d4a-019f-b33b-d1bab62a9651,2021-11-09 09:33:00.000,2021-11-09 09:34:00.000,UTC-0300,40001
17822602-7d4a-019f-b33b-d1bab62a9651,2021-11-09 09:34:00.000,2021-11-09 10:06:00.000,UTC-0300,40004
17822602-7d4a-019f-b33b-d1bab62a9651,2021-11-09 10:06:00.000,2021-11-09 10:07:00.000,UTC-0300,40001
17822602-7d4a-019f-b33b-d1bab62a9651,2021-11-09 10:07:00.000,2021-11-09 10:31:00.000,UTC-0300,40002
17822602-7d4a-019f-b33b-d1bab62a9651,2021-11-09 10:31:00.000,2021-11-09 10:33:00.000,UTC-0300,40001
17822602-7d4a-019f-b33b-d1bab62a9651,2021-11-09 10:33:00.000,2021-11-09 10:34:00.000,UTC-0300,40002
17822602-7d4a-019f-b33b-d1bab62a9651,2021-11-09 10:34:00.000,2021-11-09 10:36:00.000,UTC-0300,40001
17822602-7d4a-019f-b33b-d1bab62a9651,2021-11-09 10:36:00.000,2021-11-09 10:45:00.000,UTC-0300,40004
17822602-7d4a-019f-b33b-d1bab62a9651,2021-11-09 10:45:00.000,2021-11-09 11:11:00.000,UTC-0300,40002
17822602-7d4a-019f-b33b-d1bab62a9651,2021-11-09 11:11:00.000,2021-11-09 11:20:00.000,UTC-0300,40004
17822602-7d4a-019f-b33b-d1bab62a9651,2021-11-09 11:20:00.000,2021-11-09 11:21:00.000,UTC-0300,40001
17822602-7d4a-019f-b33b-d1bab62a9651,2021-11-09 11:21:00.000,2021-11-09 11:27:00.000,UTC-0300,40004
17822602-7d4a-019f-b33b-d1bab62a9651,2021-11-09 11:27:00.000,2021-11-09 11:28:00.000,UTC-0300,40001
17822602-7d4a-019f-b33b-d1bab62a9651,2021-11-09 11:28:00.000,2021-11-09 11:29:00.000,UTC-0300,40002
17822602-7d4a-019f-b33b-d1bab62a9651,2021-11-09 11:29:00.000,2021-11-09 11:42:00.000,UTC-0300,40001
17822602-7d4a-019f-b33b-d1bab62a9651,2021-11-09 11:42:00.000,2021-11-09 11:43:00.000,UTC-0300,40002
17822602-7d4a-019f-b33b-d1bab62a9651,2021-11-09 11:43:00.000,2021-11-09 11:47:00.000,UTC-0300,40001
dc87276c-39f9-91e6-590f-a1dcfedb3d5f,2021-11-10 05:03:00.000,2021-11-10 05:05:00.000,UTC-0300,40002
dc87276c-39f9-91e6-590f-a1dcfedb3d5f,2021-11-10 05:05:00.000,2021-11-10 05:20:00.000,UTC-0300,40003
dc87276c-39f9-91e6-590f-a1dcfedb3d5f,2021-11-10 05:20:00.000,2021-11-10 05:35:00.000,UTC-0300,40002
dc87276c-39f9-91e6-590f-a1dcfedb3d5f,2021-11-10 05:35:00.000,2021-11-10 05:38:00.000,UTC-0300,40003
dc87276c-39f9-91e6-590f-a1dcfedb3d5f,2021-11-10 05:38:00.000,2021-11-10 05:39:00.000,UTC-0300,40002
dc87276c-39f9-91e6-590f-a1dcfedb3d5f,2021-11-10 05:39:00.000,2021-11-10 05:44:00.000,UTC-0300,40003
dc87276c-39f9-91e6-590f-a1dcfedb3d5f,2021-11-10 05:44:00.000,2021-11-10 05:48:00.000,UTC-0300,40002
dc87276c-39f9-91e6-590f-a1dcfedb3d5f,2021-11-10 05:48:00.000,2021-11-10 05:59:00.000,UTC-0300,40003
dc87276c-39f9-91e6-590f-a1dcfedb3d5f,2021-11-10 05:59:00.000,2021-11-10 06:06:00.000,UTC-0300,40002
dc87276c-39f9-91e6-590f-a1dcfedb3d5f,2021-11-10 06:06:00.000,2021-11-10 06:13:00.000,UTC-0300,40004
dc87276c-39f9-91e6-590f-a1dcfedb3d5f,2021-11-10 06:13:00.000,2021-11-10 06:40:00.000,UTC-0300,40002
dc87276c-39f9-91e6-590f-a1dcfedb3d5f,2021-11-10 06:40:00.000,2021-11-10 06:42:00.000,UTC-0300,40001
dc87276c-39f9-91e6-590f-a1dcfedb3d5f,2021-11-10 06:42:00.000,2021-11-10 06:48:00.000,UTC-0300,40004
dc87276c-39f9-91e6-590f-a1dcfedb3d5f,2021-11-10 06:48:00.000,2021-11-10 07:14:00.000,UTC-0300,40002
dc87276c-39f9-91e6-590f-a1dcfedb3d5f,2021-11-10 07:14:00.000,2021-11-10 07:39:00.000,UTC-0300,40004
dc87276c-39f9-91e6-590f-a1dcfedb3d5f,2021-11-10 07:39:00.000,2021-11-10 07:40:00.000,UTC-0300,40001
dc87276c-39f9-91e6-590f-a1dcfedb3d5f,2021-11-10 07:40:00.000,2021-11-10 08:13:00.000,UTC-0300,40004
dc87276c-39f9-91e6-590f-a1dcfedb3d5f,2021-11-10 08:13:00.000,2021-11-10 08:16:00.000,UTC-0300,40001
dc87276c-39f9-91e6-590f-a1dcfedb3d5f,2021-11-10 08:16:00.000,2021-11-10 08:29:00.000,UTC-0300,40004
dc87276c-39f9-91e6-590f-a1dcfedb3d5f,2021-11-10 08:29:00.000,2021-11-10 08:45:00.000,UTC-0300,40002
dc87276c-39f9-91e6-590f-a1dcfedb3d5f,2021-11-10 08:45:00.000,2021-11-10 08:46:00.000,UTC-0300,40001
dc87276c-39f9-91e6-590f-a1dcfedb3d5f,2021-11-10 08:46:00.000,2021-11-10 09:07:00.000,UTC-0300,40002
dc87276c-39f9-91e6-590f-a1dcfedb3d5f,2021-11-10 09:07:00.000,2021-11-10 09:21:00.000,UTC-0300,40004
dc87276c-39f9-91e6-590f-a1dcfedb3d5f,2021-11-10 09:21:00.000,2021-11-10 09:22:00.000,UTC-0300,40001
dc87276c-39f9-91e6-590f-a1dcfedb3d5f,2021-11-10 09:22:00.000,2021-11-10 09:35:00.000,UTC-0300,40002
dc87276c-39f9-91e6-590f-a1dcfedb3d5f,2021-11-10 09:35:00.000,2021-11-10 09:36:00.000,UTC-0300,40001
dc87276c-39f9-91e6-590f-a1dcfedb3d5f,2021-11-10 09:36:00.000,2021-11-10 10:04:00.000,UTC-0300,40002
dc87276c-39f9-91e6-590f-a1dcfedb3d5f,2021-11-10 10:04:00.000,2021-11-10 10:05:00.000,UTC-0300,40001
dc87276c-39f9-91e6-590f-a1dcfedb3d5f,2021-11-10 10:05:00.000,2021-11-10 10:09:00.000,UTC-0300,40002
dc87276c-39f9-91e6-590f-a1dcfedb3d5f,2021-11-10 10:09:00.000,2021-11-10 10:10:00.000,UTC-0300,40001
dc87276c-39f9-91e6-590f-a1dcfedb3d5f,2021-11-10 10:10:00.000,2021-11-10 10:26:00.000,UTC-0300,40002
dc87276c-39f9-91e6-590f-a1dcfedb3d5f,2021-11-10 10:26:00.000,2021-11-10 10:27:00.000,UTC-0300,40001
dc87276c-39f9-91e6-590f-a1dcfedb3d5f,2021-11-10 10:27:00.000,2021-11-10 10:34:00.000,UTC-0300,40002
dc87276c-39f9-91e6-590f-a1dcfedb3d5f,2021-11-10 10:34:00.000,2021-11-10 10:35:00.000,UTC-0300,40001
dc87276c-39f9-91e6-590f-a1dcfedb3d5f,2021-11-10 10:35:00.000,2021-11-10 10:50:00.000,UTC-0300,40002
dc87276c-39f9-91e6-590f-a1dcfedb3d5f,2021-11-10 10:50:00.000,2021-11-10 10:51:00.000,UTC-0300,40001
dc87276c-39f9-91e6-590f-a1dcfedb3d5f,2021-11-10 10:51:00.000,2021-11-10 11:00:00.000,UTC-0300,40002
dc87276c-39f9-91e6-590f-a1dcfedb3d5f,2021-11-10 11:00:00.000,2021-11-10 11:01:00.000,UTC-0300,40001
dc87276c-39f9-91e6-590f-a1dcfedb3d5f,2021-11-10 11:01:00.000,2021-11-10 11:04:00.000,UTC-0300,40002
dc87276c-39f9-91e6-590f-a1dcfedb3d5f,2021-11-10 11:04:00.000,2021-11-10 11:05:00.000,UTC-0300,40001
dc87276c-39f9-91e6-590f-a1dcfedb3d5f,2021-11-10 11:05:00.000,2021-11-10 11:10:00.000,UTC-0300,40002
dc87276c-39f9-91e6-590f-a1dcfedb3d5f,2021-11-10 11:10:00.000,2021-11-10 11:11:00.000,UTC-0300,40001
dc87276c-39f9-91e6-590f-a1dcfedb3d5f,2021-11-10 11:11:00.000,2021-11-10 11:13:00.000,UTC-0300,40002
dc87276c-39f9-91e6-590f-a1dcfedb3d5f,2021-11-10 11:13:00.000,2021-11-10 11:18:00.000,UTC-0300,40001
ef9f1a1d-3efc-4183-9cb4-fb58b4937712,2021-11-11 06:18:00.000,2021-11-11 06:20:00.000,UTC-0300,40002
ef9f1a1d-3efc-4183-9cb4-fb58b4937712,2021-11-11 06:20:00.000,2021-11-11 06:26:00.000,UTC-0300,40003
ef9f1a1d-3efc-4183-9cb4-fb58b4937712,2021-11-11 06:26:00.000,2021-11-11 06:46:00.000,UTC-0300,40002
ef9f1a1d-3efc-4183-9cb4-fb58b4937712,2021-11-11 06:46:00.000,2021-11-11 06:47:00.000,UTC-0300,40001
ef9f1a1d-3efc-4183-9cb4-fb58b4937712,2021-11-11 06:47:00.000,2021-11-11 06:48:00.000,UTC-0300,40002
ef9f1a1d-3efc-4183-9cb4-fb58b4937712,2021-11-11 06:48:00.000,2021-11-11 06:56:00.000,UTC-0300,40003
ef9f1a1d-3efc-4183-9cb4-fb58b4937712,2021-11-11 06:56:00.000,2021-11-11 06:57:00.000,UTC-0300,40002
ef9f1a1d-3efc-4183-9cb4-fb58b4937712,2021-11-11 06:57:00.000,2021-11-11 07:03:00.000,UTC-0300,40003
ef9f1a1d-3efc-4183-9cb4-fb58b4937712,2021-11-11 07:03:00.000,2021-11-11 07:07:00.000,UTC-0300,40002
ef9f1a1d-3efc-4183-9cb4-fb58b4937712,2021-11-11 07:07:00.000,2021-11-11 07:08:00.000,UTC-0300,40001
ef9f1a1d-3efc-4183-9cb4-fb58b4937712,2021-11-11 07:08:00.000,2021-11-11 07:15:00.000,UTC-0300,40002
ef9f1a1d-3efc-4183-9cb4-fb58b4937712,2021-11-11 07:15:00.000,2021-11-11 07:16:00.000,UTC-0300,40001
ef9f1a1d-3efc-4183-9cb4-fb58b4937712,2021-11-11 07:16:00.000,2021-11-11 07:23:00.000,UTC-0300,40004
ef9f1a1d-3efc-4183-9cb4-fb58b4937712,2021-11-11 07:23:00.000,2021-11-11 07:24:00.000,UTC-0300,40001
ef9f1a1d-3efc-4183-9cb4-fb58b4937712,2021-11-11 07:24:00.000,2021-11-11 08:12:00.000,UTC-0300,40002
ef9f1a1d-3efc-4183-9cb4-fb58b4937712,2021-11-11 08:12:00.000,2021-11-11 08:13:00.000,UTC-0300,40001
ef9f1a1d-3efc-4183-9cb4-fb58b4937712,2021-11-11 08:13:00.000,2021-11-11 08:19:00.000,UTC-0300,40002
ef9f1a1d-3efc-4183-9cb4-fb58b4937712,2021-11-11 08:19:00.000,2021-11-11 08:20:00.000,UTC-0300,40001
ef9f1a1d-3efc-4183-9cb4-fb58b4937712,2021-11-11 08:20:00.000,2021-11-11 08:25:00.000,UTC-0300,40002
ef9f1a1d-3efc-4183-9cb4-fb58b4937712,2021-11-11 08:25:00.000,2021-11-11 08:26:00.000,UTC-0300,40001
ef9f1a1d-3efc-4183-9cb4-fb58b4937712,2021-11-11 08:26:00.000,2021-11-11 08:39:00.000,UTC-0300,40004
ef9f1a1d-3efc-4183-9cb4-fb58b4937712,2021-11-11 08:39:00.000,2021-11-11 09:14:00.000,UTC-0300,40002
ef9f1a1d-3efc-4183-9cb4-fb58b4937712,2021-11-11 09:14:00.000,2021-11-11 09:28:00.000,UTC-0300,40004
ef9f1a1d-3efc-4183-9cb4-fb58b4937712,2021-11-11 09:28:00.000,2021-11-11 09:40:00.000,UTC-0300,40002
ef9f1a1d-3efc-4183-9cb4-fb58b4937712,2021-11-11 09:40:00.000,2021-11-11 09:41:00.000,UTC-0300,40001
ef9f1a1d-3efc-4183-9cb4-fb58b4937712,2021-11-11 09:41:00.000,2021-11-11 09:47:00.000,UTC-0300,40002
ef9f1a1d-3efc-4183-9cb4-fb58b4937712,2021-11-11 09:47:00.000,2021-11-11 10:03:00.000,UTC-0300,40004
ef9f1a1d-3efc-4183-9cb4-fb58b4937712,2021-11-11 10:03:00.000,2021-11-11 10:05:00.000,UTC-0300,40001
ef9f1a1d-3efc-4183-9cb4-fb58b4937712,2021-11-11 10:05:00.000,2021-11-11 10:07:00.000,UTC-0300,40002
ef9f1a1d-3efc-4183-9cb4-fb58b4937712,2021-11-11 10:07:00.000,2021-11-11 10:08:00.000,UTC-0300,40001
ef9f1a1d-3efc-4183-9cb4-fb58b4937712,2021-11-11 10:08:00.000,2021-11-11 10:24:00.000,UTC-0300,40004
ef9f1a1d-3efc-4183-9cb4-fb58b4937712,2021-11-11 10:24:00.000,2021-11-11 11:01:00.000,UTC-0300,40002
ef9f1a1d-3efc-4183-9cb4-fb58b4937712,2021-11-11 11:01:00.000,2021-11-11 11:08:00.000,UTC-0300,40004
ef9f1a1d-3efc-4183-9cb4-fb58b4937712,2021-11-11 11:08:00.000,2021-11-11 11:09:00.000,UTC-0300,40001
ef9f1a1d-3efc-4183-9cb4-fb58b4937712,2021-11-11 11:09:00.000,2021-11-11 11:26:00.000,UTC-0300,40004
ef9f1a1d-3efc-4183-9cb4-fb58b4937712,2021-11-11 11:26:00.000,2021-11-11 11:27:00.000,UTC-0300,40001
ef9f1a1d-3efc-4183-9cb4-fb58b4937712,2021-11-11 11:27:00.000,2021-11-11 11:32:00.000,UTC-0300,40004
ef9f1a1d-3efc-4183-9cb4-fb58b4937712,2021-11-11 11:32:00.000,2021-11-11 11:41:00.000,UTC-0300,40002
ef9f1a1d-3efc-4183-9cb4-fb58b4937712,2021-11-11 11:41:00.000,2021-11-11 11:42:00.000,UTC-0300,40001
ef9f1a1d-3efc-4183-9cb4-fb58b4937712,2021-11-11 11:42:00.000,2021-11-11 11:46:00.000,UTC-0300,40002
ef9f1a1d-3efc-4183-9cb4-fb58b4937712,2021-11-11 11:46:00.000,2021-11-11 11:47:00.000,UTC-0300,40001
ef9f1a1d-3efc-4183-9cb4-fb58b4937712,2021-11-11 11:47:00.000,2021-11-11 11:51:00.000,UTC-0300,40002
ef9f1a1d-3efc-4183-9cb4-fb58b4937712,2021-11-11 11:51:00.000,2021-11-11 11:53:00.000,UTC-0300,40001
ef9f1a1d-3efc-4183-9cb4-fb58b4937712,2021-11-11 11:53:00.000,2021-11-11 11:54:00.000,UTC-0300,40002
ef9f1a1d-3efc-4183-9cb4-fb58b4937712,2021-11-11 11:54:00.000,2021-11-11 11:55:00.000,UTC-0300,40001
ef9f1a1d-3efc-4183-9cb4-fb58b4937712,2021-11-11 11:55:00.000,2021-11-11 11:59:00.000,UTC-0300,40002
ef9f1a1d-3efc-4183-9cb4-fb58b4937712,2021-11-11 11:59:00.000,2021-11-11 12:00:00.000,UTC-0300,40001
ef9f1a1d-3efc-4183-9cb4-fb58b4937712,2021-11-11 12:00:00.000,2021-11-11 12:01:00.000,UTC-0300,40002
ef9f1a1d-3efc-4183-9cb4-fb58b4937712,2021-11-11 12:01:00.000,2021-11-11 12:05:00.000,UTC-0300,40001
80e0952e-3748-f94c-0fcc-9d83c1395871,2021-11-12 06:19:00.000,2021-11-12 06:47:00.000,UTC-0300,40002
80e0952e-3748-f94c-0fcc-9d83c1395871,2021-11-12 06:47:00.000,2021-11-12 06:50:00.000,UTC-0300,40003
80e0952e-3748-f94c-0fcc-9d83c1395871,2021-11-12 06:50:00.000,2021-11-12 06:54:00.000,UTC-0300,40002
80e0952e-3748-f94c-0fcc-9d83c1395871,2021-11-12 06:54:00.000,2021-11-12 07:06:00.000,UTC-0300,40003
80e0952e-3748-f94c-0fcc-9d83c1395871,2021-11-12 07:06:00.000,2021-11-12 07:11:00.000,UTC-0300,40002
80e0952e-3748-f94c-0fcc-9d83c1395871,2021-11-12 07:11:00.000,2021-11-12 07:13:00.000,UTC-0300,40001
80e0952e-3748-f94c-0fcc-9d83c1395871,2021-11-12 07:13:00.000,2021-11-12 07:14:00.000,UTC-0300,40002
80e0952e-3748-f94c-0fcc-9d83c1395871,2021-11-12 07:14:00.000,2021-11-12 07:15:00.000,UTC-0300,40001
80e0952e-3748-f94c-0fcc-9d83c1395871,2021-11-12 07:15:00.000,2021-11-12 07:17:00.000,UTC-0300,40002
80e0952e-3748-f94c-0fcc-9d83c1395871,2021-11-12 07:17:00.000,2021-11-12 07:28:00.000,UTC-0300,40004
80e0952e-3748-f94c-0fcc-9d83c1395871,2021-11-12 07:28:00.000,2021-11-12 07:29:00.000,UTC-0300,40001
80e0952e-3748-f94c-0fcc-9d83c1395871,2021-11-12 07:29:00.000,2021-11-12 07:47:00.000,UTC-0300,40004
80e0952e-3748-f94c-0fcc-9d83c1395871,2021-11-12 07:47:00.000,2021-11-12 07:52:00.000,UTC-0300,40002
80e0952e-3748-f94c-0fcc-9d83c1395871,2021-11-12 07:52:00.000,2021-11-12 07:53:00.000,UTC-0300,40001
80e0952e-3748-f94c-0fcc-9d83c1395871,2021-11-12 07:53:00.000,2021-11-12 08:10:00.000,UTC-0300,40002
80e0952e-3748-f94c-0fcc-9d83c1395871,2021-11-12 08:10:00.000,2021-11-12 08:17:00.000,UTC-0300,40004
80e0952e-3748-f94c-0fcc-9d83c1395871,2021-11-12 08:17:00.000,2021-11-12 08:18:00.000,UTC-0300,40001
80e0952e-3748-f94c-0fcc-9d83c1395871,2021-11-12 08:18:00.000,2021-11-12 08:23:00.000,UTC-0300,40004
80e0952e-3748-f94c-0fcc-9d83c1395871,2021-11-12 08:23:00.000,2021-11-12 08:48:00.000,UTC-0300,40002
80e0952e-3748-f94c-0fcc-9d83c1395871,2021-11-12 08:48:00.000,2021-11-12 08:49:00.000,UTC-0300,40001
80e0952e-3748-f94c-0fcc-9d83c1395871,2021-11-12 08:49:00.000,2021-11-12 09:09:00.000,UTC-0300,40004
80e0952e-3748-f94c-0fcc-9d83c1395871,2021-11-12 09:09:00.000,2021-11-12 09:10:00.000,UTC-0300,40001
80e0952e-3748-f94c-0fcc-9d83c1395871,2021-11-12 09:10:00.000,2021-11-12 09:21:00.000,UTC-0300,40002
80e0952e-3748-f94c-0fcc-9d83c1395871,2021-11-12 09:21:00.000,2021-11-12 09:26:00.000,UTC-0300,40003
80e0952e-3748-f94c-0fcc-9d83c1395871,2021-11-12 09:26:00.000,2021-11-12 10:01:00.000,UTC-0300,40002
80e0952e-3748-f94c-0fcc-9d83c1395871,2021-11-12 10:01:00.000,2021-11-12 10:18:00.000,UTC-0300,40004
80e0952e-3748-f94c-0fcc-9d83c1395871,2021-11-12 10:18:00.000,2021-11-12 10:19:00.000,UTC-0300,40001
80e0952e-3748-f94c-0fcc-9d83c1395871,2021-11-12 10:19:00.000,2021-11-12 10:29:00.000,UTC-0300,40004
80e0952e-3748-f94c-0fcc-9d83c1395871,2021-11-12 10:29:00.000,2021-11-12 10:50:00.000,UTC-0300,40002
80e0952e-3748-f94c-0fcc-9d83c1395871,2021-11-12 10:50:00.000,2021-11-12 10:51:00.000,UTC-0300,40001
80e0952e-3748-f94c-0fcc-9d83c1395871,2021-11-12 10:51:00.000,2021-11-12 11:00:00.000,UTC-0300,40004
80e0952e-3748-f94c-0fcc-9d83c1395871,2021-11-12 11:00:00.000,2021-11-12 11:14:00.000,UTC-0300,40002
80e0952e-3748-f94c-0fcc-9d83c1395871,2021-11-12 11:14:00.000,2021-11-12 11:21:00.000,UTC-0300,40003
80e0952e-3748-f94c-0fcc-9d83c1395871,2021-11-12 11:21:00.000,2021-11-12 11:37:00.000,UTC-0300,40002
80e0952e-3748-f94c-0fcc-9d83c1395871,2021-11-12 11:37:00.000,2021-11-12 11:45:00.000,UTC-0300,40004
80e0952e-3748-f94c-0fcc-9d83c1395871,2021-11-12 11:45:00.000,2021-11-12 11:46:00.000,UTC-0300,40001
80e0952e-3748-f94c-0fcc-9d83c1395871,2021-11-12 11:46:00.000,2021-11-12 12:18:00.000,UTC-0300,40002
80e0952e-3748-f94c-0fcc-9d83c1395871,2021-11-12 12:18:00.000,2021-11-12 12:20:00.000,UTC-0300,40001
80e0952e-3748-f94c-0fcc-9d83c1395871,2021-11-12 12:20:00.000,2021-11-12 12:29:00.000,UTC-0300,40004
80e0952e-3748-f94c-0fcc-9d83c1395871,2021-11-12 12:29:00.000,2021-11-12 12:31:00.000,UTC-0300,40001
80e0952e-3748-f94c-0fcc-9d83c1395871,2021-11-12 12:31:00.000,2021-11-12 12:34:00.000,UTC-0300,40002
80e0952e-3748-f94c-0fcc-9d83c1395871,2021-11-12 12:34:00.000,2021-11-12 12:36:00.000,UTC-0300,40001
80e0952e-3748-f94c-0fcc-9d83c1395871,2021-11-12 12:36:00.000,2021-11-12 12:41:00.000,UTC-0300,40004
80e0952e-3748-f94c-0fcc-9d83c1395871,2021-11-12 12:41:00.000,2021-11-12 12:43:00.000,UTC-0300,40001
80e0952e-3748-f94c-0fcc-9d83c1395871,2021-11-12 12:43:00.000,2021-11-12 12:51:00.000,UTC-0300,40004
80e0952e-3748-f94c-0fcc-9d83c1395871,2021-11-12 12:51:00.000,2021-11-12 12:52:00.000,UTC-0300,40001
80e0952e-3748-f94c-0fcc-9d83c1395871,2021-11-12 12:52:00.000,2021-11-12 12:55:00.000,UTC-0300,40004
3e75ce03-f5d3-c1c3-4dfd-14faefd384fa,2021-11-13 06:53:00.000,2021-11-13 07:10:00.000,UTC-0300,40001
3e75ce03-f5d3-c1c3-4dfd-14faefd384fa,2021-11-13 07:10:00.000,2021-11-13 07:18:00.000,UTC-0300,40002
3e75ce03-f5d3-c1c3-4dfd-14faefd384fa,2021-11-13 07:18:00.000,2021-11-13 07:23:00.000,UTC-0300,40003
3e75ce03-f5d3-c1c3-4dfd-14faefd384fa,2021-11-13 07:23:00.000,2021-11-13 07:24:00.000,UTC-0300,40002
3e75ce03-f5d3-c1c3-4dfd-14faefd384fa,2021-11-13 07:24:00.000,2021-11-13 07:27:00.000,UTC-0300,40003
3e75ce03-f5d3-c1c3-4dfd-14faefd384fa,2021-11-13 07:27:00.000,2021-11-13 07:50:00.000,UTC-0300,40002
3e75ce03-f5d3-c1c3-4dfd-14faefd384fa,2021-11-13 07:50:00.000,2021-11-13 07:52:00.000,UTC-0300,40001
3e75ce03-f5d3-c1c3-4dfd-14faefd384fa,2021-11-13 07:52:00.000,2021-11-13 07:57:00.000,UTC-0300,40004
3e75ce03-f5d3-c1c3-4dfd-14faefd384fa,2021-11-13 07:57:00.000,2021-11-13 08:09:00.000,UTC-0300,40002
3e75ce03-f5d3-c1c3-4dfd-14faefd384fa,2021-11-13 08:09:00.000,2021-11-13 08:12:00.000,UTC-0300,40003
3e75ce03-f5d3-c1c3-4dfd-14faefd384fa,2021-11-13 08:12:00.000,2021-11-13 08:32:00.000,UTC-0300,40002
3e75ce03-f5d3-c1c3-4dfd-14faefd384fa,2021-11-13 08:32:00.000,2021-11-13 08:34:00.000,UTC-0300,40001
3e75ce03-f5d3-c1c3-4dfd-14faefd384fa,2021-11-13 08:34:00.000,2021-11-13 08:57:00.000,UTC-0300,40002
3e75ce03-f5d3-c1c3-4dfd-14faefd384fa,2021-11-13 08:57:00.000,2021-11-13 08:58:00.000,UTC-0300,40001
3e75ce03-f5d3-c1c3-4dfd-14faefd384fa,2021-11-13 08:58:00.000,2021-11-13 08:59:00.000,UTC-0300,40002
3e75ce03-f5d3-c1c3-4dfd-14faefd384fa,2021-11-13 08:59:00.000,2021-11-13 09:00:00.000,UTC-0300,40001
3e75ce03-f5d3-c1c3-4dfd-14faefd384fa,2021-11-13 09:00:00.000,2021-11-13 09:03:00.000,UTC-0300,40002
3e75ce03-f5d3-c1c3-4dfd-14faefd384fa,2021-11-13 09:03:00.000,2021-11-13 09:04:00.000,UTC-0300,40001
3e75ce03-f5d3-c1c3-4dfd-14faefd384fa,2021-11-13 09:04:00.000,2021-11-13 09:08:00.000,UTC-0300,40002
3e75ce03-f5d3-c1c3-4dfd-14faefd384fa,2021-11-13 09:08:00.000,2021-11-13 09:16:00.000,UTC-0300,40003
3e75ce03-f5d3-c1c3-4dfd-14faefd384fa,2021-11-13 09:16:00.000,2021-11-13 09:50:00.000,UTC-0300,40002
3e75ce03-f5d3-c1c3-4dfd-14faefd384fa,2021-11-13 09:50:00.000,2021-11-13 09:58:00.000,UTC-0300,40003
3e75ce03-f5d3-c1c3-4dfd-14faefd384fa,2021-11-13 09:58:00.000,2021-11-13 09:59:00.000,UTC-0300,40002
3e75ce03-f5d3-c1c3-4dfd-14faefd384fa,2021-11-13 09:59:00.000,2021-11-13 10:00:00.000,UTC-0300,40001
3e75ce03-f5d3-c1c3-4dfd-14faefd384fa,2021-11-13 10:00:00.000,2021-11-13 10:07:00.000,UTC-0300,40002
3e75ce03-f5d3-c1c3-4dfd-14faefd384fa,2021-11-13 10:07:00.000,2021-11-13 10:08:00.000,UTC-0300,40001
3e75ce03-f5d3-c1c3-4dfd-14faefd384fa,2021-11-13 10:08:00.000,2021-11-13 10:13:00.000,UTC-0300,40002
3e75ce03-f5d3-c1c3-4dfd-14faefd384fa,2021-11-13 10:13:00.000,2021-11-13 10:29:00.000,UTC-0300,40004
3e75ce03-f5d3-c1c3-4dfd-14faefd384fa,2021-11-13 10:29:00.000,2021-11-13 10:30:00.000,UTC-0300,40001
3e75ce03-f5d3-c1c3-4dfd-14faefd384fa,2021-11-13 10:30:00.000,2021-11-13 10:41:00.000,UTC-0300,40004
3e75ce03-f5d3-c1c3-4dfd-14faefd384fa,2021-11-13 10:41:00.000,2021-11-13 10:42:00.000,UTC-0300,40001
3e75ce03-f5d3-c1c3-4dfd-14faefd384fa,2021-11-13 10:42:00.000,2021-11-13 10:51:00.000,UTC-0300,40004
3e75ce03-f5d3-c1c3-4dfd-14faefd384fa,2021-11-13 10:51:00.000,2021-11-13 10:52:00.000,UTC-0300,40001
3e75ce03-f5d3-c1c3-4dfd-14faefd384fa,2021-11-13 10:52:00.000,2021-11-13 11:11:00.000,UTC-0300,40002
3e75ce03-f5d3-c1c3-4dfd-14faefd384fa,2021-11-13 11:11:00.000,2021-11-13 11:12:00.000,UTC-0300,40001
3e75ce03-f5d3-c1c3-4dfd-14faefd384fa,2021-11-13 11:12:00.000,2021-11-13 11:33:00.000,UTC-0300,40002
3e75ce03-f5d3-c1c3-4dfd-14faefd384fa,2021-11-13 11:33:00.000,2021-11-13 12:00:00.000,UTC-0300,40004
3e75ce03-f5d3-c1c3-4dfd-14faefd384fa,2021-11-13 12:00:00.000,2021-11-13 12:18:00.000,UTC-0300,40002
3e75ce03-f5d3-c1c3-4dfd-14faefd384fa,2021-11-13 12:18:00.000,2021-11-13 12:19:00.000,UTC-0300,40001
3e75ce03-f5d3-c1c3-4dfd-14faefd384fa,2021-11-13 12:19:00.000,2021-11-13 12:27:00.000,UTC-0300,40002
3e75ce03-f5d3-c1c3-4dfd-14faefd384fa,2021-11-13 12:27:00.000,2021-11-13 12:28:00.000,UTC-0300,40001
3e75ce03-f5d3-c1c3-4dfd-14faefd384fa,2021-11-13 12:28:00.000,2021-11-13 13:25:00.000,UTC-0300,40002
3e75ce03-f5d3-c1c3-4dfd-14faefd384fa,2021-11-13 13:25:00.000,2021-11-13 13:27:00.000,UTC-0300,40001
3e75ce03-f5d3-c1c3-4dfd-14faefd384fa,2021-11-13 13:27:00.000,2021-11-13 13:35:00.000,UTC-0300,40002
3e75ce03-f5d3-c1c3-4dfd-14faefd384fa,2021-11-13 13:35:00.000,2021-11-13 13:38:00.000,UTC-0300,40001
3e75ce03-f5d3-c1c3-4dfd-14faefd384fa,2021-11-13 13:38:00.000,2021-11-13 13:48:00.000,UTC-0300,40004
3e75ce03-f5d3-c1c3-4dfd-14faefd384fa,2021-11-13 13:48:00.000,2021-11-13 13:50:00.000,UTC-0300,40001
3e75ce03-f5d3-c1c3-4dfd-14faefd384fa,2021-11-13 13:50:00.000,2021-11-13 13:52:00.000,UTC-0300,40002
3e75ce03-f5d3-c1c3-4dfd-14faefd384fa,2021-11-13 13:52:00.000,2021-11-13 13:54:00.000,UTC-0300,40001
3e75ce03-f5d3-c1c3-4dfd-14faefd384fa,2021-11-13 13:54:00.000,2021-11-13 13:55:00.000,UTC-0300,40002
3e75ce03-f5d3-c1c3-4dfd-14faefd384fa,2021-11-13 13:55:00.000,2021-11-13 13:57:00.000,UTC-0300,40001
3e75ce03-f5d3-c1c3-4dfd-14faefd384fa,2021-11-13 13:57:00.000,2021-11-13 13:59:00.000,UTC-0300,40002
3e75ce03-f5d3-c1c3-4dfd-14faefd384fa,2021-11-13 13:59:00.000,2021-11-13 14:03:00.000,UTC-0300,40001
828aa851-c163-81fa-0594-3d62f645587a,2021-11-14 06:14:00.000,2021-11-14 06:34:00.000,UTC-0300,40001
828aa851-c163-81fa-0594-3d62f645587a,2021-11-14 06:34:00.000,2021-11-14 06:47:00.000,UTC-0300,40002
828aa851-c163-81fa-0594-3d62f645587a,2021-11-14 06:47:00.000,2021-11-14 06:48:00.000,UTC-0300,40001
828aa851-c163-81fa-0594-3d62f645587a,2021-11-14 06:48:00.000,2021-11-14 06:50:00.000,UTC-0300,40002
828aa851-c163-81fa-0594-3d62f645587a,2021-11-14 06:50:00.000,2021-11-14 07:00:00.000,UTC-0300,40004
828aa851-c163-81fa-0594-3d62f645587a,2021-11-14 07:00:00.000,2021-11-14 07:02:00.000,UTC-0300,40001
828aa851-c163-81fa-0594-3d62f645587a,2021-11-14 07:02:00.000,2021-11-14 07:05:00.000,UTC-0300,40002
828aa851-c163-81fa-0594-3d62f645587a,2021-11-14 07:05:00.000,2021-11-14 07:06:00.000,UTC-0300,40001
828aa851-c163-81fa-0594-3d62f645587a,2021-11-14 07:06:00.000,2021-11-14 07:15:00.000,UTC-0300,40004
828aa851-c163-81fa-0594-3d62f645587a,2021-11-14 07:15:00.000,2021-11-14 07:19:00.000,UTC-0300,40002
828aa851-c163-81fa-0594-3d62f645587a,2021-11-14 07:19:00.000,2021-11-14 07:21:00.000,UTC-0300,40001
828aa851-c163-81fa-0594-3d62f645587a,2021-11-14 07:21:00.000,2021-11-14 07:25:00.000,UTC-0300,40002
828aa851-c163-81fa-0594-3d62f645587a,2021-11-14 07:25:00.000,2021-11-14 07:27:00.000,UTC-0300,40001
828aa851-c163-81fa-0594-3d62f645587a,2021-11-14 07:27:00.000,2021-11-14 07:35:00.000,UTC-0300,40003
828aa851-c163-81fa-0594-3d62f645587a,2021-11-14 07:35:00.000,2021-11-14 07:36:00.000,UTC-0300,40001
828aa851-c163-81fa-0594-3d62f645587a,2021-11-14 07:36:00.000,2021-11-14 07:39:00.000,UTC-0300,40003
828aa851-c163-81fa-0594-3d62f645587a,2021-11-14 07:39:00.000,2021-11-14 07:40:00.000,UTC-0300,40001
828aa851-c163-81fa-0594-3d62f645587a,2021-11-14 07:40:00.000,2021-11-14 07:46:00.000,UTC-0300,40002
828aa851-c163-81fa-0594-3d62f645587a,2021-11-14 07:46:00.000,2021-11-14 07:47:00.000,UTC-0300,40001
828aa851-c163-81fa-0594-3d62f645587a,2021-11-14 07:47:00.000,2021-11-14 08:15:00.000,UTC-0300,40002
828aa851-c163-81fa-0594-3d62f645587a,2021-11-14 08:15:00.000,2021-11-14 08:16:00.000,UTC-0300,40001
828aa851-c163-81fa-0594-3d62f645587a,2021-11-14 08:16:00.000,2021-11-14 08:19:00.000,UTC-0300,40002
828aa851-c163-81fa-0594-3d62f645587a,2021-11-14 08:19:00.000,2021-11-14 08:21:00.000,UTC-0300,40001
828aa851-c163-81fa-0594-3d62f645587a,2021-11-14 08:21:00.000,2021-11-14 08:31:00.000,UTC-0300,40002
828aa851-c163-81fa-0594-3d62f645587a,2021-11-14 08:31:00.000,2021-11-14 08:32:00.000,UTC-0300,40001
828aa851-c163-81fa-0594-3d62f645587a,2021-11-14 08:32:00.000,2021-11-14 08:34:00.000,UTC-0300,40002
828aa851-c163-81fa-0594-3d62f645587a,2021-11-14 08:34:00.000,2021-11-14 08:36:00.000,UTC-0300,40001
828aa851-c163-81fa-0594-3d62f645587a,2021-11-14 08:36:00.000,2021-11-14 08:41:00.000,UTC-0300,40004
828aa851-c163-81fa-0594-3d62f645587a,2021-11-14 08:41:00.000,2021-11-14 08:49:00.000,UTC-0300,40002
828aa851-c163-81fa-0594-3d62f645587a,2021-11-14 08:49:00.000,2021-11-14 08:50:00.000,UTC-0300,40001
828aa851-c163-81fa-0594-3d62f645587a,2021-11-14 08:50:00.000,2021-11-14 08:58:00.000,UTC-0300,40002
828aa851-c163-81fa-0594-3d62f645587a,2021-11-14 08:58:00.000,2021-11-14 09:00:00.000,UTC-0300,40001
828aa851-c163-81fa-0594-3d62f645587a,2021-11-14 09:00:00.000,2021-11-14 09:13:00.000,UTC-0300,40002
828aa851-c163-81fa-0594-3d62f645587a,2021-11-14 09:13:00.000,2021-11-14 09:16:00.000,UTC-0300,40003
828aa851-c163-81fa-0594-3d62f645587a,2021-11-14 09:16:00.000,2021-11-14 09:18:00.000,UTC-0300,40002
828aa851-c163-81fa-0594-3d62f645587a,2021-11-14 09:18:00.000,2021-11-14 09:22:00.000,UTC-0300,40003
828aa851-c163-81fa-0594-3d62f645587a,2021-11-14 09:22:00.000,2021-11-14 09:39:00.000,UTC-0300,40002
828aa851-c163-81fa-0594-3d62f645587a,2021-11-14 09:39:00.000,2021-11-14 09:40:00.000,UTC-0300,40001
828aa851-c163-81fa-0594-3d62f645587a,2021-11-14 09:40:00.000,2021-11-14 09:53:00.000,UTC-0300,40002
828aa851-c163-81fa-0594-3d62f645587a,2021-11-14 09:53:00.000,2021-11-14 09:55:00.000,UTC-0300,40001
828aa851-c163-81fa-0594-3d62f645587a,2021-11-14 09:55:00.000,2021-11-14 10:02:00.000,UTC-0300,40004
828aa851-c163-81fa-0594-3d62f645587a,2021-11-14 10:02:00.000,2021-11-14 10:03:00.000,UTC-0300,40001
828aa851-c163-81fa-0594-3d62f645587a,2021-11-14 10:03:00.000,2021-11-14 10:05:00.000,UTC-0300,40002
828aa851-c163-81fa-0594-3d62f645587a,2021-11-14 10:05:00.000,2021-11-14 10:06:00.000,UTC-0300,40001
828aa851-c163-81fa-0594-3d62f645587a,2021-11-14 10:06:00.000,2021-11-14 10:15:00.000,UTC-0300,40004
828aa851-c163-81fa-0594-3d62f645587a,2021-11-14 10:15:00.000,2021-11-14 10:29:00.000,UTC-0300,40002
828aa851-c163-81fa-0594-3d62f645587a,2021-11-14 10:29:00.000,2021-11-14 10:30:00.000,UTC-0300,40001
828aa851-c163-81fa-0594-3d62f645587a,2021-11-14 10:30:00.000,2021-11-14 10:51:00.000,UTC-0300,40002
828aa851-c163-81fa-0594-3d62f645587a,2021-11-14 10:51:00.000,2021-11-14 10:52:00.000,UTC-0300,40001
828aa851-c163-81fa-0594-3d62f645587a,2021-11-14 10:52:00.000,2021-11-14 11:31:00.000,UTC-0300,40002
828aa851-c163-81fa-0594-3d62f645587a,2021-11-14 11:31:00.000,2021-11-14 11:55:00.000,UTC-0300,40004
828aa851-c163-81fa-0594-3d62f645587a,2021-11-14 11:55:00.000,2021-11-14 11:57:00.000,UTC-0300,40002
828aa851-c163-81fa-0594-3d62f645587a,2021-11-14 11:57:00.000,2021-11-14 11:59:00.000,UTC-0300,40001
828aa851-c163-81fa-0594-3d62f645587a,2021-11-14 11:59:00.000,2021-11-14 12:01:00.000,UTC-0300,40002
828aa851-c163-81fa-0594-3d62f645587a,2021-11-14 12:01:00.000,2021-11-14 12:02:00.000,UTC-0300,40001
828aa851-c163-81fa-0594-3d62f645587a,2021-11-14 12:02:00.000,2021-11-14 12:24:00.000,UTC-0300,40002
828aa851-c163-81fa-0594-3d62f645587a,2021-11-14 12:24:00.000,2021-11-14 12:25:00.000,UTC-0300,40001
828aa851-c163-81fa-0594-3d62f645587a,2021-11-14 12:25:00.000,2021-11-14 12:35:00.000,UTC-0300,40002
828aa851-c163-81fa-0594-3d62f645587a,2021-11-14 12:35:00.000,2021-11-14 12:47:00.000,UTC-0300,40003
828aa851-c163-81fa-0594-3d62f645587a,2021-11-14 12:47:00.000,2021-11-14 12:59:00.000,UTC-0300,40002
828aa851-c163-81fa-0594-3d62f645587a,2021-11-14 12:59:00.000,2021-11-14 13:32:00.000,UTC-0300,40004
828aa851-c163-81fa-0594-3d62f645587a,2021-11-14 13:32:00.000,2021-11-14 13:33:00.000,UTC-0300,40001
828aa851-c163-81fa-0594-3d62f645587a,2021-11-14 13:33:00.000,2021-11-14 13:34:00.000,UTC-0300,40002
828aa851-c163-81fa-0594-3d62f645587a,2021-11-14 13:34:00.000,2021-11-14 13:35:00.000,UTC-0300,40001
828aa851-c163-81fa-0594-3d62f645587a,2021-11-14 13:35:00.000,2021-11-14 14:01:00.000,UTC-0300,40002
828aa851-c163-81fa-0594-3d62f645587a,2021-11-14 14:01:00.000,2021-11-14 14:02:00.000,UTC-0300,40001
828aa851-c163-81fa-0594-3d62f645587a,2021-11-14 14:02:00.000,2021-11-14 14:38:00.000,UTC-0300,40002
828aa851-c163-81fa-0594-3d62f645587a,2021-11-14 14:38:00.000,2021-11-14 14:44:00.000,UTC-0300,40004
828aa851-c163-81fa-0594-3d62f645587a,2021-11-14 14:44:00.000,2021-11-14 14:53:00.000,UTC-0300,40001
828aa851-c163-81fa-0594-3d62f645587a,2021-11-14 14:53:00.000,2021-11-14 15:00:00.000,UTC-0300,40004
828aa851-c163-81fa-0594-3d62f645587a,2021-11-14 15:00:00.000,2021-11-14 15:32:00.000,UTC-0300,40002
828aa851-c163-81fa-0594-3d62f645587a,2021-11-14 15:32:00.000,2021-11-14 15:45:00.000,UTC-0300,40004
828aa851-c163-81fa-0594-3d62f645587a,2021-11-14 15:45:00.000,2021-11-14 15:46:00.000,UTC-0300,40001
828aa851-c163-81fa-0594-3d62f645587a,2021-11-14 15:46:00.000,2021-11-14 16:16:00.000,UTC-0300,40004
828aa851-c163-81fa-0594-3d62f645587a,2021-11-14 16:16:00.000,2021-11-14 16:18:00.000,UTC-0300,40001
828aa851-c163-81fa-0594-3d62f645587a,2021-11-14 16:18:00.000,2021-11-14 16:19:00.000,UTC-0300,40002
828aa851-c163-81fa-0594-3d62f645587a,2021-11-14 16:19:00.000,2021-11-14 16:20:00.000,UTC-0300,40001
cb6679e2-9eca-4e45-30b0-d3fd6e49dca6,2021-11-15 08:03:00.000,2021-11-15 08:16:00.000,UTC-0300,40002
cb6679e2-9eca-4e45-30b0-d3fd6e49dca6,2021-11-15 08:16:00.000,2021-11-15 08:24:00.000,UTC-0300,40003
cb6679e2-9eca-4e45-30b0-d3fd6e49dca6,2021-11-15 08:24:00.000,2021-11-15 08:25:00.000,UTC-0300,40002
cb6679e2-9eca-4e45-30b0-d3fd6e49dca6,2021-11-15 08:25:00.000,2021-11-15 08:32:00.000,UTC-0300,40003
cb6679e2-9eca-4e45-30b0-d3fd6e49dca6,2021-11-15 08:32:00.000,2021-11-15 08:43:00.000,UTC-0300,40002
cb6679e2-9eca-4e45-30b0-d3fd6e49dca6,2021-11-15 08:43:00.000,2021-11-15 08:45:00.000,UTC-0300,40001
cb6679e2-9eca-4e45-30b0-d3fd6e49dca6,2021-11-15 08:45:00.000,2021-11-15 08:49:00.000,UTC-0300,40002
cb6679e2-9eca-4e45-30b0-d3fd6e49dca6,2021-11-15 08:49:00.000,2021-11-15 08:50:00.000,UTC-0300,40001
cb6679e2-9eca-4e45-30b0-d3fd6e49dca6,2021-11-15 08:50:00.000,2021-11-15 08:55:00.000,UTC-0300,40002
cb6679e2-9eca-4e45-30b0-d3fd6e49dca6,2021-11-15 08:55:00.000,2021-11-15 08:56:00.000,UTC-0300,40001
cb6679e2-9eca-4e45-30b0-d3fd6e49dca6,2021-11-15 08:56:00.000,2021-11-15 09:07:00.000,UTC-0300,40002
cb6679e2-9eca-4e45-30b0-d3fd6e49dca6,2021-11-15 09:07:00.000,2021-11-15 09:10:00.000,UTC-0300,40001
cb6679e2-9eca-4e45-30b0-d3fd6e49dca6,2021-11-15 09:10:00.000,2021-11-15 09:16:00.000,UTC-0300,40002
cb6679e2-9eca-4e45-30b0-d3fd6e49dca6,2021-11-15 09:16:00.000,2021-11-15 09:32:00.000,UTC-0300,40003
cb6679e2-9eca-4e45-30b0-d3fd6e49dca6,2021-11-15 09:32:00.000,2021-11-15 09:34:00.000,UTC-0300,40002
cb6679e2-9eca-4e45-30b0-d3fd6e49dca6,2021-11-15 09:34:00.000,2021-11-15 09:35:00.000,UTC-0300,40001
cb6679e2-9eca-4e45-30b0-d3fd6e49dca6,2021-11-15 09:35:00.000,2021-11-15 09:39:00.000,UTC-0300,40002
cb6679e2-9eca-4e45-30b0-d3fd6e49dca6,2021-11-15 09:39:00.000,2021-11-15 09:40:00.000,UTC-0300,40001
cb6679e2-9eca-4e45-30b0-d3fd6e49dca6,2021-11-15 09:40:00.000,2021-11-15 09:54:00.000,UTC-0300,40004
cb6679e2-9eca-4e45-30b0-d3fd6e49dca6,2021-11-15 09:54:00.000,2021-11-15 10:05:00.000,UTC-0300,40002
cb6679e2-9eca-4e45-30b0-d3fd6e49dca6,2021-11-15 10:05:00.000,2021-11-15 10:07:00.000,UTC-0300,40001
cb6679e2-9eca-4e45-30b0-d3fd6e49dca6,2021-11-15 10:07:00.000,2021-11-15 10:08:00.000,UTC-0300,40002
cb6679e2-9eca-4e45-30b0-d3fd6e49dca6,2021-11-15 10:08:00.000,2021-11-15 10:09:00.000,UTC-0300,40001
cb6679e2-9eca-4e45-30b0-d3fd6e49dca6,2021-11-15 10:09:00.000,2021-11-15 10:23:00.000,UTC-0300,40002
cb6679e2-9eca-4e45-30b0-d3fd6e49dca6,2021-11-15 10:23:00.000,2021-11-15 10:24:00.000,UTC-0300,40001
cb6679e2-9eca-4e45-30b0-d3fd6e49dca6,2021-11-15 10:24:00.000,2021-11-15 10:33:00.000,UTC-0300,40002
cb6679e2-9eca-4e45-30b0-d3fd6e49dca6,2021-11-15 10:33:00.000,2021-11-15 10:34:00.000,UTC-0300,40001
cb6679e2-9eca-4e45-30b0-d3fd6e49dca6,2021-11-15 10:34:00.000,2021-11-15 10:39:00.000,UTC-0300,40002
cb6679e2-9eca-4e45-30b0-d3fd6e49dca6,2021-11-15 10:39:00.000,2021-11-15 10:40:00.000,UTC-0300,40001
cb6679e2-9eca-4e45-30b0-d3fd6e49dca6,2021-11-15 10:40:00.000,2021-11-15 10:51:00.000,UTC-0300,40002
cb6679e2-9eca-4e45-30b0-d3fd6e49dca6,2021-11-15 10:51:00.000,2021-11-15 10:52:00.000,UTC-0300,40001
cb6679e2-9eca-4e45-30b0-d3fd6e49dca6,2021-11-15 10:52:00.000,2021-11-15 10:58:00.000,UTC-0300,40002
cb6679e2-9eca-4e45-30b0-d3fd6e49dca6,2021-11-15 10:58:00.000,2021-11-15 10:59:00.000,UTC-0300,40001
cb6679e2-9eca-4e45-30b0-d3fd6e49dca6,2021-11-15 10:59:00.000,2021-11-15 11:01:00.000,UTC-0300,40002
cb6679e2-9eca-4e45-30b0-d3fd6e49dca6,2021-11-15 11:01:00.000,2021-11-15 11:04:00.000,UTC-0300,40001
cb6679e2-9eca-4e45-30b0-d3fd6e49dca6,2021-11-15 11:04:00.000,2021-11-15 11:28:00.000,UTC-0300,40004
cb6679e2-9eca-4e45-30b0-d3fd6e49dca6,2021-11-15 11:28:00.000,2021-11-15 11:30:00.000,UTC-0300,40002
cb6679e2-9eca-4e45-30b0-d3fd6e49dca6,2021-11-15 11:30:00.000,2021-11-15 11:31:00.000,UTC-0300,40001
cb6679e2-9eca-4e45-30b0-d3fd6e49dca6,2021-11-15 11:31:00.000,2021-11-15 11:35:00.000,UTC-0300,40002
cb6679e2-9eca-4e45-30b0-d3fd6e49dca6,2021-11-15 11:35:00.000,2021-11-15 11:36:00.000,UTC-0300,40001
cb6679e2-9eca-4e45-30b0-d3fd6e49dca6,2021-11-15 11:36:00.000,2021-11-15 11:37:00.000,UTC-0300,40002
cb6679e2-9eca-4e45-30b0-d3fd6e49dca6,2021-11-15 11:37:00.000,2021-11-15 11:39:00.000,UTC-0300,40001
cb6679e2-9eca-4e45-30b0-d3fd6e49dca6,2021-11-15 11:39:00.000,2021-11-15 11:49:00.000,UTC-0300,40002
cb6679e2-9eca-4e45-30b0-d3fd6e49dca6,2021-11-15 11:49:00.000,2021-11-15 11:50:00.000,UTC-0300,40001
cb6679e2-9eca-4e45-30b0-d3fd6e49dca6,2021-11-15 11:50:00.000,2021-11-15 12:00:00.000,UTC-0300,40002
cb6679e2-9eca-4e45-30b0-d3fd6e49dca6,2021-11-15 12:00:00.000,2021-11-15 12:02:00.000,UTC-0300,40001
cb6679e2-9eca-4e45-30b0-d3fd6e49dca6,2021-11-15 12:02:00.000,2021-11-15 12:04:00.000,UTC-0300,40002
cb6679e2-9eca-4e45-30b0-d3fd6e49dca6,2021-11-15 12:04:00.000,2021-11-15 12:11:00.000,UTC-0300,40001
cb6679e2-9eca-4e45-30b0-d3fd6e49dca6,2021-11-15 12:11:00.000,2021-11-15 12:17:00.000,UTC-0300,40004
cb6679e2-9eca-4e45-30b0-d3fd6e49dca6,2021-11-15 12:17:00.000,2021-11-15 12:18:00.000,UTC-0300,40001
cb6679e2-9eca-4e45-30b0-d3fd6e49dca6,2021-11-15 12:18:00.000,2021-11-15 12:19:00.000,UTC-0300,40002
cb6679e2-9eca-4e45-30b0-d3fd6e49dca6,2021-11-15 12:19:00.000,2021-11-15 12:22:00.000,UTC-0300,40001
cb6679e2-9eca-4e45-30b0-d3fd6e49dca6,2021-11-15 12:22:00.000,2021-11-15 12:30:00.000,UTC-0300,40004
cb6679e2-9eca-4e45-30b0-d3fd6e49dca6,2021-11-15 12:30:00.000,2021-11-15 12:31:00.000,UTC-0300,40001
cb6679e2-9eca-4e45-30b0-d3fd6e49dca6,2021-11-15 12:31:00.000,2021-11-15 12:35:00.000,UTC-0300,40002
cb6679e2-9eca-4e45-30b0-d3fd6e49dca6,2021-11-15 12:35:00.000,2021-11-15 12:42:00.000,UTC-0300,40001
cb6679e2-9eca-4e45-30b0-d3fd6e49dca6,2021-11-15 12:42:00.000,2021-11-15 12:43:00.000,UTC-0300,40002
cb6679e2-9eca-4e45-30b0-d3fd6e49dca6,2021-11-15 12:43:00.000,2021-11-15 12:44:00.000,UTC-0300,40001
cb6679e2-9eca-4e45-30b0-d3fd6e49dca6,2021-11-15 12:44:00.000,2021-11-15 12:47:00.000,UTC-0300,40002
cb6679e2-9eca-4e45-30b0-d3fd6e49dca6,2021-11-15 12:47:00.000,2021-11-15 12:48:00.000,UTC-0300,40001
cb6679e2-9eca-4e45-30b0-d3fd6e49dca6,2021-11-15 12:48:00.000,2021-11-15 12:50:00.000,UTC-0300,40002
cb6679e2-9eca-4e45-30b0-d3fd6e49dca6,2021-11-15 12:50:00.000,2021-11-15 12:53:00.000,UTC-0300,40001
cb6679e2-9eca-4e45-30b0-d3fd6e49dca6,2021-11-15 12:53:00.000,2021-11-15 13:02:00.000,UTC-0300,40004
cb6679e2-9eca-4e45-30b0-d3fd6e49dca6,2021-11-15 13:02:00.000,2021-11-15 13:06:00.000,UTC-0300,40001
cb6679e2-9eca-4e45-30b0-d3fd6e49dca6,2021-11-15 13:06:00.000,2021-11-15 13:07:00.000,UTC-0300,40002
cb6679e2-9eca-4e45-30b0-d3fd6e49dca6,2021-11-15 13:07:00.000,2021-11-15 13:17:00.000,UTC-0300,40001
0e5fae03-9214-d039-a56f-86a2822a3ac1,2021-11-16 06:41:00.000,2021-11-16 06:55:00.000,UTC-0300,40002
0e5fae03-9214-d039-a56f-86a2822a3ac1,2021-11-16 06:55:00.000,2021-11-16 06:56:00.000,UTC-0300,40001
0e5fae03-9214-d039-a56f-86a2822a3ac1,2021-11-16 06:56:00.000,2021-11-16 06:59:00.000,UTC-0300,40002
0e5fae03-9214-d039-a56f-86a2822a3ac1,2021-11-16 06:59:00.000,2021-11-16 07:03:00.000,UTC-0300,40003
0e5fae03-9214-d039-a56f-86a2822a3ac1,2021-11-16 07:03:00.000,2021-11-16 07:04:00.000,UTC-0300,40002
0e5fae03-9214-d039-a56f-86a2822a3ac1,2021-11-16 07:04:00.000,2021-11-16 07:07:00.000,UTC-0300,40003
0e5fae03-9214-d039-a56f-86a2822a3ac1,2021-11-16 07:07:00.000,2021-11-16 07:20:00.000,UTC-0300,40002
0e5fae03-9214-d039-a56f-86a2822a3ac1,2021-11-16 07:20:00.000,2021-11-16 07:48:00.000,UTC-0300,40004
0e5fae03-9214-d039-a56f-86a2822a3ac1,2021-11-16 07:48:00.000,2021-11-16 07:51:00.000,UTC-0300,40002
0e5fae03-9214-d039-a56f-86a2822a3ac1,2021-11-16 07:51:00.000,2021-11-16 07:52:00.000,UTC-0300,40001
0e5fae03-9214-d039-a56f-86a2822a3ac1,2021-11-16 07:52:00.000,2021-11-16 08:18:00.000,UTC-0300,40002
0e5fae03-9214-d039-a56f-86a2822a3ac1,2021-11-16 08:18:00.000,2021-11-16 08:19:00.000,UTC-0300,40001
0e5fae03-9214-d039-a56f-86a2822a3ac1,2021-11-16 08:19:00.000,2021-11-16 08:26:00.000,UTC-0300,40004
0e5fae03-9214-d039-a56f-86a2822a3ac1,2021-11-16 08:26:00.000,2021-11-16 08:42:00.000,UTC-0300,40002
0e5fae03-9214-d039-a56f-86a2822a3ac1,2021-11-16 08:42:00.000,2021-11-16 08:47:00.000,UTC-0300,40003
0e5fae03-9214-d039-a56f-86a2822a3ac1,2021-11-16 08:47:00.000,2021-11-16 09:02:00.000,UTC-0300,40002
0e5fae03-9214-d039-a56f-86a2822a3ac1,2021-11-16 09:02:00.000,2021-11-16 09:04:00.000,UTC-0300,40001
0e5fae03-9214-d039-a56f-86a2822a3ac1,2021-11-16 09:04:00.000,2021-11-16 09:07:00.000,UTC-0300,40002
0e5fae03-9214-d039-a56f-86a2822a3ac1,2021-11-16 09:07:00.000,2021-11-16 09:08:00.000,UTC-0300,40001
0e5fae03-9214-d039-a56f-86a2822a3ac1,2021-11-16 09:08:00.000,2021-11-16 09:33:00.000,UTC-0300,40002
0e5fae03-9214-d039-a56f-86a2822a3ac1,2021-11-16 09:33:00.000,2021-11-16 09:41:00.000,UTC-0300,40004
0e5fae03-9214-d039-a56f-86a2822a3ac1,2021-11-16 09:41:00.000,2021-11-16 09:45:00.000,UTC-0300,40002
0e5fae03-9214-d039-a56f-86a2822a3ac1,2021-11-16 09:45:00.000,2021-11-16 09:46:00.000,UTC-0300,40001
0e5fae03-9214-d039-a56f-86a2822a3ac1,2021-11-16 09:46:00.000,2021-11-16 09:54:00.000,UTC-0300,40002
0e5fae03-9214-d039-a56f-86a2822a3ac1,2021-11-16 09:54:00.000,2021-11-16 09:57:00.000,UTC-0300,40003
0e5fae03-9214-d039-a56f-86a2822a3ac1,2021-11-16 09:57:00.000,2021-11-16 09:58:00.000,UTC-0300,40002
0e5fae03-9214-d039-a56f-86a2822a3ac1,2021-11-16 09:58:00.000,2021-11-16 10:01:00.000,UTC-0300,40003
0e5fae03-9214-d039-a56f-86a2822a3ac1,2021-11-16 10:01:00.000,2021-11-16 10:02:00.000,UTC-0300,40002
0e5fae03-9214-d039-a56f-86a2822a3ac1,2021-11-16 10:02:00.000,2021-11-16 10:05:00.000,UTC-0300,40003
0e5fae03-9214-d039-a56f-86a2822a3ac1,2021-11-16 10:05:00.000,2021-11-16 10:28:00.000,UTC-0300,40002
0e5fae03-9214-d039-a56f-86a2822a3ac1,2021-11-16 10:28:00.000,2021-11-16 10:29:00.000,UTC-0300,40001
0e5fae03-9214-d039-a56f-86a2822a3ac1,2021-11-16 10:29:00.000,2021-11-16 10:37:00.000,UTC-0300,40002
0e5fae03-9214-d039-a56f-86a2822a3ac1,2021-11-16 10:37:00.000,2021-11-16 10:38:00.000,UTC-0300,40001
0e5fae03-9214-d039-a56f-86a2822a3ac1,2021-11-16 10:38:00.000,2021-11-16 10:40:00.000,UTC-0300,40002
0e5fae03-9214-d039-a56f-86a2822a3ac1,2021-11-16 10:40:00.000,2021-11-16 10:41:00.000,UTC-0300,40001
0e5fae03-9214-d039-a56f-86a2822a3ac1,2021-11-16 10:41:00.000,2021-11-16 10:48:00.000,UTC-0300,40004
0e5fae03-9214-d039-a56f-86a2822a3ac1,2021-11-16 10:48:00.000,2021-11-16 10:49:00.000,UTC-0300,40001
0e5fae03-9214-d039-a56f-86a2822a3ac1,2021-11-16 10:49:00.000,2021-11-16 10:53:00.000,UTC-0300,40002
0e5fae03-9214-d039-a56f-86a2822a3ac1,2021-11-16 10:53:00.000,2021-11-16 10:54:00.000,UTC-0300,40001
0e5fae03-9214-d039-a56f-86a2822a3ac1,2021-11-16 10:54:00.000,2021-11-16 11:01:00.000,UTC-0300,40004
0e5fae03-9214-d039-a56f-86a2822a3ac1,2021-11-16 11:01:00.000,2021-11-16 11:02:00.000,UTC-0300,40001
0e5fae03-9214-d039-a56f-86a2822a3ac1,2021-11-16 11:02:00.000,2021-11-16 11:10:00.000,UTC-0300,40004
0e5fae03-9214-d039-a56f-86a2822a3ac1,2021-11-16 11:10:00.000,2021-11-16 11:29:00.000,UTC-0300,40002
0e5fae03-9214-d039-a56f-86a2822a3ac1,2021-11-16 11:29:00.000,2021-11-16 11:30:00.000,UTC-0300,40001
0e5fae03-9214-d039-a56f-86a2822a3ac1,2021-11-16 11:30:00.000,2021-11-16 11:41:00.000,UTC-0300,40002
0e5fae03-9214-d039-a56f-86a2822a3ac1,2021-11-16 11:41:00.000,2021-11-16 11:42:00.000,UTC-0300,40001
0e5fae03-9214-d039-a56f-86a2822a3ac1,2021-11-16 11:42:00.000,2021-11-16 11:43:00.000,UTC-0300,40002
0e5fae03-9214-d039-a56f-86a2822a3ac1,2021-11-16 11:43:00.000,2021-11-16 11:45:00.000,UTC-0300,40001
0e5fae03-9214-d039-a56f-86a2822a3ac1,2021-11-16 11:45:00.000,2021-11-16 11:47:00.000,UTC-0300,40002
0e5fae03-9214-d039-a56f-86a2822a3ac1,2021-11-16 11:47:00.000,2021-11-16 11:53:00.000,UTC-0300,40004
0e5fae03-9214-d039-a56f-86a2822a3ac1,2021-11-16 11:53:00.000,2021-11-16 11:59:00.000,UTC-0300,40001
0e5fae03-9214-d039-a56f-86a2822a3ac1,2021-11-16 11:59:00.000,2021-11-16 12:04:00.000,UTC-0300,40004
0e5fae03-9214-d039-a56f-86a2822a3ac1,2021-11-16 12:04:00.000,2021-11-16 12:13:00.000,UTC-0300,40001
0e5fae03-9214-d039-a56f-86a2822a3ac1,2021-11-16 12:13:00.000,2021-11-16 12:14:00.000,UTC-0300,40002
0e5fae03-9214-d039-a56f-86a2822a3ac1,2021-11-16 12:14:00.000,2021-11-16 12:16:00.000,UTC-0300,40001
0e5fae03-9214-d039-a56f-86a2822a3ac1,2021-11-16 12:16:00.000,2021-11-16 12:18:00.000,UTC-0300,40002
0e5fae03-9214-d039-a56f-86a2822a3ac1,2021-11-16 12:18:00.000,2021-11-16 12:22:00.000,UTC-0300,40001
ea62f5c9-1ae2-1805-9eb8-353f82380857,2021-11-17 05:52:00.000,2021-11-17 05:56:00.000,UTC-0300,40001
ea62f5c9-1ae2-1805-9eb8-353f82380857,2021-11-17 05:56:00.000,2021-11-17 06:23:00.000,UTC-0300,40002
ea62f5c9-1ae2-1805-9eb8-353f82380857,2021-11-17 06:23:00.000,2021-11-17 06:24:00.000,UTC-0300,40001
ea62f5c9-1ae2-1805-9eb8-353f82380857,2021-11-17 06:24:00.000,2021-11-17 06:29:00.000,UTC-0300,40002
ea62f5c9-1ae2-1805-9eb8-353f82380857,2021-11-17 06:29:00.000,2021-11-17 06:30:00.000,UTC-0300,40001
ea62f5c9-1ae2-1805-9eb8-353f82380857,2021-11-17 06:30:00.000,2021-11-17 06:48:00.000,UTC-0300,40004
ea62f5c9-1ae2-1805-9eb8-353f82380857,2021-11-17 06:48:00.000,2021-11-17 06:49:00.000,UTC-0300,40001
ea62f5c9-1ae2-1805-9eb8-353f82380857,2021-11-17 06:49:00.000,2021-11-17 07:49:00.000,UTC-0300,40002
ea62f5c9-1ae2-1805-9eb8-353f82380857,2021-11-17 07:49:00.000,2021-11-17 08:13:00.000,UTC-0300,40004
ea62f5c9-1ae2-1805-9eb8-353f82380857,2021-11-17 08:13:00.000,2021-11-17 08:25:00.000,UTC-0300,40002
ea62f5c9-1ae2-1805-9eb8-353f82380857,2021-11-17 08:25:00.000,2021-11-17 08:32:00.000,UTC-0300,40004
ea62f5c9-1ae2-1805-9eb8-353f82380857,2021-11-17 08:32:00.000,2021-11-17 08:33:00.000,UTC-0300,40001
ea62f5c9-1ae2-1805-9eb8-353f82380857,2021-11-17 08:33:00.000,2021-11-17 08:58:00.000,UTC-0300,40002
ea62f5c9-1ae2-1805-9eb8-353f82380857,2021-11-17 08:58:00.000,2021-11-17 09:09:00.000,UTC-0300,40003
ea62f5c9-1ae2-1805-9eb8-353f82380857,2021-11-17 09:09:00.000,2021-11-17 09:49:00.000,UTC-0300,40002
ea62f5c9-1ae2-1805-9eb8-353f82380857,2021-11-17 09:49:00.000,2021-11-17 09:50:00.000,UTC-0300,40001
ea62f5c9-1ae2-1805-9eb8-353f82380857,2021-11-17 09:50:00.000,2021-11-17 09:58:00.000,UTC-0300,40004
ea62f5c9-1ae2-1805-9eb8-353f82380857,2021-11-17 09:58:00.000,2021-11-17 09:59:00.000,UTC-0300,40001
ea62f5c9-1ae2-1805-9eb8-353f82380857,2021-11-17 09:59:00.000,2021-11-17 10:13:00.000,UTC-0300,40004
ea62f5c9-1ae2-1805-9eb8-353f82380857,2021-11-17 10:13:00.000,2021-11-17 10:20:00.000,UTC-0300,40002
ea62f5c9-1ae2-1805-9eb8-353f82380857,2021-11-17 10:20:00.000,2021-11-17 10:44:00.000,UTC-0300,40004
ea62f5c9-1ae2-1805-9eb8-353f82380857,2021-11-17 10:44:00.000,2021-11-17 10:45:00.000,UTC-0300,40001
ea62f5c9-1ae2-1805-9eb8-353f82380857,2021-11-17 10:45:00.000,2021-11-17 10:56:00.000,UTC-0300,40002
ea62f5c9-1ae2-1805-9eb8-353f82380857,2021-11-17 10:56:00.000,2021-11-17 10:57:00.000,UTC-0300,40001
ea62f5c9-1ae2-1805-9eb8-353f82380857,2021-11-17 10:57:00.000,2021-11-17 11:15:00.000,UTC-0300,40002
ea62f5c9-1ae2-1805-9eb8-353f82380857,2021-11-17 11:15:00.000,2021-11-17 11:16:00.000,UTC-0300,40001
ea62f5c9-1ae2-1805-9eb8-353f82380857,2021-11-17 11:16:00.000,2021-11-17 11:21:00.000,UTC-0300,40004
ea62f5c9-1ae2-1805-9eb8-353f82380857,2021-11-17 11:21:00.000,2021-11-17 11:23:00.000,UTC-0300,40001
ea62f5c9-1ae2-1805-9eb8-353f82380857,2021-11-17 11:23:00.000,2021-11-17 11:26:00.000,UTC-0300,40002
ea62f5c9-1ae2-1805-9eb8-353f82380857,2021-11-17 11:26:00.000,2021-11-17 11:27:00.000,UTC-0300,40001
ea62f5c9-1ae2-1805-9eb8-353f82380857,2021-11-17 11:27:00.000,2021-11-17 11:36:00.000,UTC-0300,40004
ea62f5c9-1ae2-1805-9eb8-353f82380857,2021-11-17 11:36:00.000,2021-11-17 11:38:00.000,UTC-0300,40001
ea62f5c9-1ae2-1805-9eb8-353f82380857,2021-11-17 11:38:00.000,2021-11-17 11:41:00.000,UTC-0300,40002
ea62f5c9-1ae2-1805-9eb8-353f82380857,2021-11-17 11:41:00.000,2021-11-17 11:42:00.000,UTC-0300,40001
ea62f5c9-1ae2-1805-9eb8-353f82380857,2021-11-17 11:42:00.000,2021-11-17 11:46:00.000,UTC-0300,40002
ea62f5c9-1ae2-1805-9eb8-353f82380857,2021-11-17 11:46:00.000,2021-11-17 11:48:00.000,UTC-0300,40001
ea62f5c9-1ae2-1805-9eb8-353f82380857,2021-11-17 11:48:00.000,2021-11-17 11:49:00.000,UTC-0300,40002
ea62f5c9-1ae2-1805-9eb8-353f82380857,2021-11-17 11:49:00.000,2021-11-17 11:50:00.000,UTC-0300,40001
ea62f5c9-1ae2-1805-9eb8-353f82380857,2021-11-17 11:50:00.000,2021-11-17 11:52:00.000,UTC-0300,40002
ea62f5c9-1ae2-1805-9eb8-353f82380857,2021-11-17 11:52:00.000,2021-11-17 11:53:00.000,UTC-0300,40001
ea62f5c9-1ae2-1805-9eb8-353f82380857,2021-11-17 11:53:00.000,2021-11-17 11:59:00.000,UTC-0300,40002
ea62f5c9-1ae2-1805-9eb8-353f82380857,2021-11-17 11:59:00.000,2021-11-17 12:00:00.000,UTC-0300,40001
ea62f5c9-1ae2-1805-9eb8-353f82380857,2021-11-17 12:00:00.000,2021-11-17 12:01:00.000,UTC-0300,40002
ea62f5c9-1ae2-1805-9eb8-353f82380857,2021-11-17 12:01:00.000,2021-11-17 12:02:00.000,UTC-0300,40001
bbd11ead-84af-e800-f46d-97cc1182568c,2021-11-18 05:08:00.000,2021-11-18 05:15:00.000,UTC-0300,40002
bbd11ead-84af-e800-f46d-97cc1182568c,2021-11-18 05:15:00.000,2021-11-18 05:16:00.000,UTC-0300,40001
bbd11ead-84af-e800-f46d-97cc1182568c,2021-11-18 05:16:00.000,2021-11-18 05:26:00.000,UTC-0300,40002
bbd11ead-84af-e800-f46d-97cc1182568c,2021-11-18 05:26:00.000,2021-11-18 05:27:00.000,UTC-0300,40001
bbd11ead-84af-e800-f46d-97cc1182568c,2021-11-18 05:27:00.000,2021-11-18 05:40:00.000,UTC-0300,40002
bbd11ead-84af-e800-f46d-97cc1182568c,2021-11-18 05:40:00.000,2021-11-18 05:43:00.000,UTC-0300,40003
bbd11ead-84af-e800-f46d-97cc1182568c,2021-11-18 05:43:00.000,2021-11-18 05:44:00.000,UTC-0300,40002
bbd11ead-84af-e800-f46d-97cc1182568c,2021-11-18 05:44:00.000,2021-11-18 05:48:00.000,UTC-0300,40003
bbd11ead-84af-e800-f46d-97cc1182568c,2021-11-18 05:48:00.000,2021-11-18 05:49:00.000,UTC-0300,40001
bbd11ead-84af-e800-f46d-97cc1182568c,2021-11-18 05:49:00.000,2021-11-18 05:51:00.000,UTC-0300,40002
bbd11ead-84af-e800-f46d-97cc1182568c,2021-11-18 05:51:00.000,2021-11-18 05:55:00.000,UTC-0300,40003
bbd11ead-84af-e800-f46d-97cc1182568c,2021-11-18 05:55:00.000,2021-11-18 06:12:00.000,UTC-0300,40002
bbd11ead-84af-e800-f46d-97cc1182568c,2021-11-18 06:12:00.000,2021-11-18 06:30:00.000,UTC-0300,40003
bbd11ead-84af-e800-f46d-97cc1182568c,2021-11-18 06:30:00.000,2021-11-18 06:31:00.000,UTC-0300,40002
bbd11ead-84af-e800-f46d-97cc1182568c,2021-11-18 06:31:00.000,2021-11-18 06:42:00.000,UTC-0300,40003
bbd11ead-84af-e800-f46d-97cc1182568c,2021-11-18 06:42:00.000,2021-11-18 06:56:00.000,UTC-0300,40002
bbd11ead-84af-e800-f46d-97cc1182568c,2021-11-18 06:56:00.000,2021-11-18 07:16:00.000,UTC-0300,40004
bbd11ead-84af-e800-f46d-97cc1182568c,2021-11-18 07:16:00.000,2021-11-18 07:39:00.000,UTC-0300,40002
bbd11ead-84af-e800-f46d-97cc1182568c,2021-11-18 07:39:00.000,2021-11-18 07:40:00.000,UTC-0300,40001
bbd11ead-84af-e800-f46d-97cc1182568c,2021-11-18 07:40:00.000,2021-11-18 08:15:00.000,UTC-0300,40002
bbd11ead-84af-e800-f46d-97cc1182568c,2021-11-18 08:15:00.000,2021-11-18 08:31:00.000,UTC-0300,40004
bbd11ead-84af-e800-f46d-97cc1182568c,2021-11-18 08:31:00.000,2021-11-18 08:47:00.000,UTC-0300,40002
bbd11ead-84af-e800-f46d-97cc1182568c,2021-11-18 08:47:00.000,2021-11-18 08:54:00.000,UTC-0300,40004
bbd11ead-84af-e800-f46d-97cc1182568c,2021-11-18 08:54:00.000,2021-11-18 08:55:00.000,UTC-0300,40001
bbd11ead-84af-e800-f46d-97cc1182568c,2021-11-18 08:55:00.000,2021-11-18 09:20:00.000,UTC-0300,40004
bbd11ead-84af-e800-f46d-97cc1182568c,2021-11-18 09:20:00.000,2021-11-18 09:49:00.000,UTC-0300,40002
bbd11ead-84af-e800-f46d-97cc1182568c,2021-11-18 09:49:00.000,2021-11-18 10:17:00.000,UTC-0300,40004
bbd11ead-84af-e800-f46d-97cc1182568c,2021-11-18 10:17:00.000,2021-11-18 11:13:00.000,UTC-0300,40002
bbd11ead-84af-e800-f46d-97cc1182568c,2021-11-18 11:13:00.000,2021-11-18 11:14:00.000,UTC-0300,40001
bbd11ead-84af-e800-f46d-97cc1182568c,2021-11-18 11:14:00.000,2021-11-18 11:23:00.000,UTC-0300,40004
bbd11ead-84af-e800-f46d-97cc1182568c,2021-11-18 11:23:00.000,2021-11-18 11:24:00.000,UTC-0300,40001
bbd11ead-84af-e800-f46d-97cc1182568c,2021-11-18 11:24:00.000,2021-11-18 11:31:00.000,UTC-0300,40004
bbd11ead-84af-e800-f46d-97cc1182568c,2021-11-18 11:31:00.000,2021-11-18 11:32:00.000,UTC-0300,40001
bbd11ead-84af-e800-f46d-97cc1182568c,2021-11-18 11:32:00.000,2021-11-18 11:33:00.000,UTC-0300,40002
bbd11ead-84af-e800-f46d-97cc1182568c,2021-11-18 11:33:00.000,2021-11-18 11:34:00.000,UTC-0300,40001
bbd11ead-84af-e800-f46d-97cc1182568c,2021-11-18 11:34:00.000,2021-11-18 11:44:00.000,UTC-0300,40004
bbd11ead-84af-e800-f46d-97cc1182568c,2021-11-18 11:44:00.000,2021-11-18 11:45:00.000,UTC-0300,40001
bbd11ead-84af-e800-f46d-97cc1182568c,2021-11-18 11:45:00.000,2021-11-18 11:49:00.000,UTC-0300,40002
bbd11ead-84af-e800-f46d-97cc1182568c,2021-11-18 11:49:00.000,2021-11-18 11:51:00.000,UTC-0300,40001
bbd11ead-84af-e800-f46d-97cc1182568c,2021-11-18 11:51:00.000,2021-11-18 11:54:00.000,UTC-0300,40002
bbd11ead-84af-e800-f46d-97cc1182568c,2021-11-18 11:54:00.000,2021-11-18 11:55:00.000,UTC-0300,40001
bbd11ead-84af-e800-f46d-97cc1182568c,2021-11-18 11:55:00.000,2021-11-18 12:07:00.000,UTC-0300,40002
bbd11ead-84af-e800-f46d-97cc1182568c,2021-11-18 12:07:00.000,2021-11-18 12:14:00.000,UTC-0300,40004
bbd11ead-84af-e800-f46d-97cc1182568c,2021-11-18 12:14:00.000,2021-11-18 12:15:00.000,UTC-0300,40002
bbd11ead-84af-e800-f46d-97cc1182568c,2021-11-18 12:15:00.000,2021-11-18 12:22:00.000,UTC-0300,40001
